	kainoki_id	first_half	connective	second_half	arg1	arg2	classification_label	ASP	NEG	MOD	CNJ	FOC	QUE	IMP
0	405_fiction_onna_to_senso	わたし は その 忍耐強さ に 感心 し	つつ	、 何 の 抵抗 も し ない 母 が 歯がゆかっ た 。	わたしはその忍耐強さに感心し	、何の抵抗もしない母が歯がゆかった。	A/B	0	0	0	0	0	0	0
1	220_aozora_Dazai-2-1940	押し流さ れ	つつ	も 、 見事 、 対岸 の 樹木 の 幹 に 、 すがりつく 事 が 出来 た の で ある 。	押し流され	、見事、対岸の樹木の幹に、すがりつく事が出来たのである。	concession	0	0	0	0	0	0	0
2	552_aozora_Oda-1976-2	しかし 、 不健全 な もの へ 、 悪い と 知り	つつ	、 かえって 惹きつけ られ て 行く の が マニヤ の 自虐性 で あり 、 当然 アンプル を 割る 音 は 頽廃 の 響き に 濁る 筈 だ のに 、 ふと 真空 の 虚ろ に 澄ん で いる の は 、 頽廃 の 倫理 の よう で も あっ た 。	悪いと知り	、かえって惹きつけられて行く	concession	0	0	0	0	0	0	0
3	6_book_excerpt-26	やれやれ どう し よう 、 と 思い ながら も 居心地 の 良い バラナシ を 去る 気 に も なれ ず 、 汽車 の 切符 を 買う 大変さ を 考え て は やはり 腰 が 上がら ず 、 あと 二 、 三 日 と 思い	つつ	ずるずる と 居着い て しまっ て い た の だ 。	あと二、三日と思い	ずるずると居着いてしまっていたのだ。	concession	0	0	0	0	0	0	0
4	71_diet_kaigiroku-5	特に 、 関係諸国間 の 緊密 な 協議 と 協調 により 、 事態 の 悪化 を 事前 に 防止 する こと の 必要性 について 意見 の 一致 を 見 た こと や 、 インフレ の 再燃 を 回避 し	つつ	、 経済 の 持続的拡大 を 図る 必要性 について 共通 の 認識 を 得 た こと は 大きな 成果 で あり まし た 。	インフレの再燃を回避し	、経済の持続的拡大を図る	concession	0	0	0	0	0	0	0
5	10_essay_crossover27_IharaOct2015	前回 、 ダ・ヴィンチ の 交通機関体系 の 創造 に 触れ た の も 、 船舶活用 の 可能性 から 水上交通 を 基軸 に し	つつ	も 、 陸上 、 空中 へ の デザイン を 展開 し た モーティブフォース が 大航海 に あっ た の で は ない か と 推測 し た から です 。	船舶活用の可能性から水上交通を基軸にし	、陸上、空中へのデザインを展開した	concession	0	0	0	0	0	0	0
6	19_essay_manabi72_Kuroda2015summer	従って 、 イスラーム の 理念性 を 念頭 に 置き	つつ	も 、 ムスリムたち の 歴史 は 大いに 可変的 で 、 事実 、 時代時代 で 否定 し がたい 変容 を こうむっ て き た こと に 注目 す べき だ と 思い ます 。	イスラームの理念性を念頭に置き	、ムスリムたちの歴史は大いに可変的で、事実、時代時代で否定しがたい変容をこうむってきたことに注目すべきだ	concession	0	0	1	0	0	0	0
7	531_fiction_munashisanoshotai	そう 言わ れ	つつ	も 仰向け に さ れ た まま だっ た 。	そう言われ	仰向けにされたままだった。	concession	0	0	0	0	0	0	0
8	25_fiction_onna_to_senso	女 の 感性 が 高く 評価 さ れ	つつ	、 一方 力 の 論理 によって 強引 に 圧しつぶさ れ て しまっ た 事実 を 見落とす と 、 女 の 解放 は 、 また 幻想 に 終わる の で は ない か 。	高く評価され	、一方力の論理によって強引に圧しつぶされてしまった	concession	0	0	0	1	0	0	0
9	30_fiction_onna_to_senso	わたし は 柳田国男 に 代表 さ れる 先生方 の 学問 の スケール の 大きさ に 驚き	つつ	、 それ は 結局 は 女 に は あまり 役立た なかっ た の で は ない か という 疑問 を 抱い て しまう 。	柳田国男に代表される先生方の学問のスケールの大きさに驚き	、それは結局は女にはあまり役立たなかったのではないかという疑問を抱いてしまう。	concession	0	0	0	0	0	0	0
10	395_fiction_onna_to_senso	ためらい	つつ	東京言葉 で 話 に 割りこん だ の だ が 、 みな 気さく に こちら に 通じる 言葉 、 やや 関西なまり で 話し て くれ た 。	ためらい	東京言葉で話に割りこんだのだ	concession	0	0	0	0	0	0	0
11	409_fiction_onna_to_senso	わたし も また 世 の ひずみ を 感じ	つつ	管理 さ れ て いる 。	世のひずみを感じ	管理されている。	concession	0	0	0	0	0	0	0
12	524_fiction_onna_to_senso	アメリカ を 悪く 言い	つつ	、 メンタリティー も 仕草 も アメリカ的 な 女 、 そして これ から は ジャパナイズ さ れ た 女 が ふえ て ゆく こと だろう 。	アメリカを悪く言い	、メンタリティーも仕草もアメリカ的な	concession	0	0	0	0	0	0	0
13	5_law_h15A119;4_1_1	この 法律 は 、 高度情報通信社会 の 進展 に伴い 個人情報 の 利用 が 著しく 拡大 し て いる こと に かんがみ 、 個人情報 の 適正 な 取扱い に関し 、 基本理念 及び 政府 による 基本方針 の 作成 その 他 の 個人情報 の 保護 に関する 施策 の 基本 と なる 事項 を 定め 、 国 及び 地方公共団体 の 責務 等 を 明らか に する とともに 、 個人情報 を 取り扱う 事業者 の 遵守 す べき 義務 等 を 定める こと により 、 個人情報 の 有用性 に 配慮 し	つつ	、 個人 の 権利 利益 を 保護 する こと を 目的 と する 。	個人情報の有用性に配慮し	、個人の権利利益を保護する	concession	0	0	0	0	0	0	0
14	81_ted_talk_8	もちろん 大切 な こと は 周囲 に 注意 を 払い	つつ	自分 の 仕事 に 集中 する という こと です	周囲に注意を払い	自分の仕事に集中する	concession	0	0	0	0	0	0	0
15	480_textbook_djg_intermediate;page_543	たばこ は 体 に よく ない と 分かり	つつ	なかなか やめ られ ない 。	たばこは体によくないと分かり	なかなかやめられない。	concession	0	1	0	0	0	0	0
16	83_whitepaper_H20_kokuminseikatsu1	また 、 欧州 の 調査 によると 、 自ら が 環境汚染 により 健康被害 に 遭っ たり 、 自動車事故 に 遭遇 する 危険性 に 比べる と リスク は 低い と し	つつ	も 、 食品 により 健康被害 に 遭う 危険性 や 食品 以外 の 製品 で 怪我 を する 危険性 を それぞれ 42 ％ の 人 が 感じ て いる と 回答 し て おり 、 食品事故 、 製品事故 が 身近 に 起き て も おかしく ない と 消費者 が 感じ て いる 状況 と なっ て いる 。	自らが環境汚染により健康被害に遭ったり、自動車事故に遭遇する危険性に比べるとリスクは低いとし	、食品により健康被害に遭う危険性や食品以外の製品で怪我をする危険性をそれぞれ42％の人が感じていると回答しており	concession	0	0	0	0	0	0	0
17	509_whitepaper_H26_kodomowakamono1	自己啓発 として 外国語 に関する 活動 を 行っ た 者 の 割合 は ， 1990 年代 以降 ， 10 ～ 14 歳 と 20 ～ 24 歳 で は 増減 を 繰り返し	つつ	も 上昇傾向 に ある 。	10～14歳と20～24歳では増減を繰り返し	上昇傾向にある。	concession	0	0	0	0	0	0	0
18	431_whitepaper_H28_kotsuanzen1	この 場合 ， 高齢者 の 自発性 を 促す こと に 留意 し	つつ	， 高齢者 の 事故実態 に 応じ た 具体的 な 指導 を 行う こと と し ， 反射材用品 等 の 普及促進 に も 努め た 。	高齢者の自発性を促すことに留意し	，高齢者の事故実態に応じた具体的な指導を行う	concession	0	0	0	0	0	0	0
19	59_whitepaper_H28_shinrinringyo1	今後 は 、 主伐期 を 迎え た 人工林 について 、 森林 の 公益的機能 の 発揮 に 支障 が 及ば ない よう 留意 し	つつ	、 適切 な 主伐 を 進め て 原木 の 供給 を 確保 し て いく こと が 重要 で ある 。	森林の公益的機能の発揮に支障が及ばないよう留意し	、適切な主伐を進めて原木の供給を確保していくことが重要である。	concession	0	0	0	0	0	0	0
20	97_whitepaper_R1_gaiko_2	トランプ大統領 は 、 同首脳会談 について 、 金正恩国務委員長 と 建設的 な 時間 を 過ごし た と し	つつ	、 北朝鮮側 は 米国 が 望ん で い た 非核化 の 大部分 を 行う 用意 が あっ た が 、 その ため に 完全 な 制裁解除 に 応じる こと は でき なかっ た 旨 述べ た 。	金正恩国務委員長と建設的な時間を過ごしたとし	、北朝鮮側は米国が望んでいた非核化の大部分を行う用意があったが、そのために完全な制裁解除に応じることはできなかった旨述べた。	concession	0	0	0	0	0	0	0
21	382_whitepaper_R1_gaiko_2	日本政府 として は 、 中国 と の 間 で 関係改善 を 進め	つつ	、 個別 の 懸案 に係る 日本 の 立場 を しっかり と 主張 する と同時に 、 一 つ ひと つ 対話 を 積み重ね 、 東シナ海 を 「 平和 ・ 協力 ・ 友好 の 海 」 と す べく 、 引き続き 意思疎通 を 強化 し て いく 。	中国との間で関係改善を進め	、個別の懸案に係る日本の立場をしっかりと主張する	concession	0	0	0	0	0	0	0
22	120_whitepaper_R1_gaiko_7	トルコ は 、 地政学上 重要 な 地域大国 で あり 、 北大西洋条約機構（NATO）加盟国 として 、 EU加盟 に向けた 取組 など 欧米重視 の 外交 を 基本 と し	つつ	、 中東 ・ アジア ・ アフリカ地域 へ の 多角的 な 積極外交 を 展開 し て いる 。	EU加盟に向けた取組など欧米重視の外交を基本とし	、中東・アジア・アフリカ地域への多角的な積極外交を展開している。	concession	0	0	0	0	0	0	0
23	164_whitepaper_R1_gaiko_7	モーリタニア は 、 政情不安 を 抱える マリ と の 長大 な 国境線 を 有し	つつ	も 、 2012 年 以降 テロ事件 は 発生 し て おら ず 、 サヘル諸国 の 中 で は 比較的 安定 を 保っ て いる 。	政情不安を抱えるマリとの長大な国境線を有し	、2012年以降テロ事件は発生しておらず、サヘル諸国の中では比較的安定を保っている。	concession	0	0	0	0	0	0	0
24	44_whitepaper_R1_gaiko_8	7 月 、 大統領選挙 の 輪番制 を 維持 し	つつ	も 、 現職 の アザリ大統領 の 出身 で ある グランコモロ島 から の 再選 を 可能 と する 内容 の 憲法改正 が 国民投票 により 成立 し た 。	大統領選挙の輪番制を維持し	、現職のアザリ大統領の出身であるグランコモロ島からの再選を可能とする	concession	0	0	0	0	0	0	0
25	31_whitepaper_R1_gaiko_9	さらに 、 普天間飛行場 の 移設 や 在沖縄海兵隊 約9,000 人 の グアム 等 へ の 国外移転 を始めとする 在日米軍再編 について も 、 在日米軍 の 抑止力 を 維持 し	つつ	、 沖縄 を始めとする 地元 の 負担 を 軽減 する ため 、 日米 で 緊密 に 連携 し て 取り組ん で き て いる 。	在日米軍の抑止力を維持し	、沖縄を始めとする地元の負担を軽減する	concession	0	0	0	0	0	0	0
26	142_whitepaper_R1_gaiko_13	色々 な 立場 の 国 や 人 の 観点 を 念頭 に 置き	つつ	も 、 必要 な アクション を 見極め 、 はっきり 物 を 言い 、 きちんと 結果 を 出す 。	色々な立場の国や人の観点を念頭に置き	、必要なアクションを見極め、はっきり物を言い、きちんと結果を出す。	concession	0	0	0	0	0	0	0
27	287_wikipedia_Audrey_Hepburn	ヘプバーン と ファーラー の 結婚生活 は 長く 続か ない と いわ れ て い た が 、 ヘプバーン は ファーラー が 気難しい こと は 認め	つつ	も 、 二人 の 仲 は うまく いっ て いる と 主張 し て い た 。	ファーラーが気難しいことは認め	、二人の仲はうまくいっていると主張していた。	concession	0	0	0	0	0	0	0
28	18_wikipedia_Kamen_Rider	こうして 誕生 し た 2人 の 仮面ライダー は 日本 と 海外 で 別れ て 戦い 、 時に は 共闘 し ながら 、 少年仮面ライダー隊 など の 多く の 仲間たち の 協力 を 得 て 、 常人 と は 異なる 身体 に さ れ て しまっ た 「 改造人間 」 として 苦悩 し	つつ	も 、 「 人間 の 自由 の ため 」 に ショッカー と 戦っ て いく 。	日本と海外で別れて戦い、時には共闘しながら、少年仮面ライダー隊などの多くの仲間たちの協力を得て、常人とは異なる身体にされてしまった「改造人間」として苦悩し	、「人間の自由のため」にショッカーと戦っていく。	concession	0	0	0	0	0	0	0
29	27_news_KAHOKU_184;K201406140A0T10XX00001	東北大大学院工学研究科 の 風間基樹教授 （ 地盤工学・地震工学 ） は 「 行政 が 作る 防災マップ を 参考 に し	つつ	も 、 普段 から 地域 の 地形的 特性 を 把握 し て 、 非常時 の 対策 を 考える 必要 が ある 」 と 指摘 する 。	行政が作る防災マップを参考にし	、普段から地域の地形的特性を把握して、非常時の対策を考える	concession	0	0	0	0	0	0	0
30	346_aozora_Doyle-1892	我々 は 足音 を こつこつ と あたり に 響き わたら せ	つつ	、 医者 の 街 で ある ウィンポール街 と ハーリィ街 を 抜け 、 その あと ウィグモー街 から オックスフォード街 へ 入っ た 。	足音をこつこつとあたりに響きわたらせ	、医者の街であるウィンポール街とハーリィ街を抜け、そのあとウィグモー街からオックスフォード街へ入った。	synchronous	0	0	0	0	0	0	0
31	431_aozora_Hori-1969	その 記憶 も 漸く 遠のい て 私 の 心 の 裡 で それ が 全体 として はっきり と 見え 易い よう に なり 出し た 、 それ から 約一 年 後 の 今夜 、 その 同じ 山 の 家 の 同じ 暖炉 の 前 で 、 私 は こうして 一 度 は 焼い て しまお う と 決心 し かけ た この 手帳 を 再び 自分 の 前 に ひらい て 、 こんど こそ は 私 の し た こと の すべて を 贖う つもり で 、 自分 の 最後 の 日 の 近づい て くる の を ひたすら 待ち ながら 、 こうして 自分 の 無気力 な 気持 に 鞭 うち	つつ	その 日頃 の 出来事 を つとめて 有りのまま に 書き はじめ て いる の だ 。	こうして自分の無気力な気持に鞭うち	その日頃の出来事をつとめて有りのままに書きはじめているのだ。	synchronous	0	0	0	0	0	0	0
32	44_aozora_Koyama-1955-2	はじめて その 人 の 前 に 出 て 二 、 三 の 受け答え を し	つつ	、 この 人 に 看 て もらう の だ な という 感じ を 持っ た 。	はじめてその人の前に出て二、三の受け答えをし	、この人に看てもらうのだなという感じを持った。	synchronous	0	0	0	0	0	0	0
33	334_aozora_Koyama-1955-2	誰 だ ？ と 思う 隙 へ 、 更衣所 で 手間取っ た その 一人 が 、 舎房着 の 帯 を 締め	つつ	、 あわて て 駆け て くる 。	舎房着の帯を締め	、あわてて駆けてくる。	synchronous	0	0	0	0	0	0	0
34	183_aozora_Yamakawa-1962-2	半ば 意識 を 失い	つつ	、 暗闇 の 中 を 、 彼 は まっすぐ に 天 に 向っ て い た 。	半ば意識を失い	、暗闇の中を、彼はまっすぐに天に向っていた。	synchronous	0	0	0	0	0	0	0
35	20_diet_kaigiroku-6	同時 に 、 租税 及び 社会保険料 の 負担 、 公共料金 等 の あり方 につきまして も 、 国民 の 合意 を 得	つつ	その 見直し を 進め て いく こと が 、 避け て 通る こと が でき ない 課題 で ある と 考え て おり ます 。	国民の合意を得	その見直しを進めていく	synchronous	0	0	0	0	0	0	0
36	31_diet_kaigiroku-6	まず 、 昭和 五十一 年度 予算 について で あり ます が 、 以上 申し述べ まし た 考え方 に 立ち まし て 、 国民生活 と 経済 の 安定 及び 国民福祉 の 充実 に 配意 し	つつ	、 景気 の 着実 な 回復 と 雇用 の 安定 を 図る とともに 、 財政体質 の 改善合理化 を 進める こと を 主眼 として 編成 いたし まし た 。	国民生活と経済の安定及び国民福祉の充実に配意し	、景気の着実な回復と雇用の安定を図るとともに、財政体質の改善合理化を進める	synchronous	0	0	0	0	0	0	0
37	37_diet_kaigiroku-6	次 に 、 税制面 におきまして は 、 現下 の 経済情勢 及び 財政事情 を 総合的 に 勘案 し 、 一般的 な 減税 を 行わ ない 反面 、 一般的 な 増税 も これ を 避け	つつ	、 現行税制 の 仕組み の 中 で 若干 の 選択的 な 増収措置 を 講ずる こと に とどめ まし た 。	一般的な減税を行わない反面、一般的な増税もこれを避け	、現行税制の仕組みの中で若干の選択的な増収措置を講ずる	synchronous	0	0	0	0	0	0	0
38	19_diet_kaigiroku-9	同時 に 、 沖縄県 において 従来 米軍 施設 、 区域 の 密度 が 高く 、 政府 として も その 整理統合 について は 地元 より 強い 要望 が ある こと は かねて より 十分 承知 いたし て いる ところ で あり まし て 、 これ まで も 沖縄県 における 米軍 施設 、 区域 の 整理統合 に 努力 し て まいっ た ところ で あり 、 これ から も 必要 に応じ 米側 と の 話し合い を 行い	つつ	努力 し て まいり たい と 考え て おり ます 。	これからも必要に応じ米側との話し合いを行い	努力してまいりたい	synchronous	0	0	0	0	0	0	0
39	20_diet_kaigiroku-9	また 、 政府 として は 、 現地 の 要望 、 民生 の 安定 、 開発計画 等 に 配慮 する とともに 、 安保条約 の 目的達成 と の 調和 を 図り	つつ	、 諸課題 の 解決 の ため 今後 とも 一層 努力 を し て いく 所存 で あり ます 。	安保条約の目的達成との調和を図り	、諸課題の解決のため今後とも一層努力をしていく所存であります。	synchronous	0	0	0	0	0	0	0
40	24_diet_kaigiroku-11	我が 国 として は 、 世界経済 に対する 主体的責任 を 果たす ため に も 、 できる 限り 早急 に 景気 の 本格回復 を 図る とともに 、 中長期的 に 活力 と 豊かさ に 満ち た 経済社会 を 構築 する ため 、 従来 の 経済社会システム を 見直し	つつ	、 さらなる 発展 の ため の 変革 と 投資 を 行っ て いく こと が 不可欠 で あり ます 。	従来の経済社会システムを見直し	、さらなる発展のための変革と投資を行っていく	synchronous	0	0	0	0	0	0	0
41	34_diet_kaigiroku-11	また 、 本格的 な 高齢化社会 の 到来 に 備え	つつ	、 国民生活 の 質 の 向上 を 高める とともに 、 将来 の 経済発展 の 基盤 を 整備 する ため に 必要 な 社会資本 を 計画的 に 整備 し て いく こと が 極めて 重要 で あり 、 ひいては これ が 、 新た な 需要 の 創出 、 対外不均衡 の 是正 に も つながる もの と 考え て おり ます 。	本格的な高齢化社会の到来に備え	、国民生活の質の向上を高める	synchronous	0	0	0	0	0	0	0
42	35_diet_kaigiroku-11	さらに 、 こうした 対策 の 円滑 な 実施 を 図る ため に 、 各企業 や 産業界 の 主体的努力 を 支援 し	つつ	、 あす の 我が 国 経済 を リード する 新た な 産業 の 発展基盤 の 整備 に 努め て いく 必要 が あり ます 。	各企業や産業界の主体的努力を支援し	、あすの我が国経済をリードする新たな産業の発展基盤の整備に努めていく	synchronous	0	0	0	0	0	0	0
43	40_diet_kaigiroku-11	特に 、 日米フレームワーク協議 において は 、 我が 国 として この よう な 自己改革努力 を 進め	つつ	、 経常黒字 の 十分 意味 の ある 縮小 という 方向 を 目指す とともに 、 米国 に も 財政赤字削減 、 国際競争力強化 等 の 改善 を 求め て まいり ます 。	我が国としてこのような自己改革努力を進め	、経常黒字の十分意味のある縮小という方向を目指す	synchronous	0	0	0	0	0	0	0
44	43_diet_kaigiroku-11	加えて 、 平和国家 を 標榜 する 我が 国 として 、 安全保障分野 における 国際貢献 を 果たす 観点 から 、 諸外国 と 協調 し	つつ	実効 ある 輸出管理体制 を 構築 し て まいり ます 。	諸外国と協調し	実効ある輸出管理体制を構築してまいります。	synchronous	0	0	0	0	0	0	0
45	46_diet_kaigiroku-11	かかる 観点 から 、 第一 次 石油危機 から 二十 年 を 経 た 今日 、 エネルギー政策 全般 の 再構築 を 図り 、 地球環境問題 の 顕在化 に 対応 し	つつ	、 エネルギー の 安定的 かつ 効率的 な 供給 の 確保 に 努め て まいり ます 。	地球環境問題の顕在化に対応し	、エネルギーの安定的かつ効率的な供給の確保に努めてまいります。	synchronous	0	0	0	0	0	0	0
46	47_diet_kaigiroku-11	この ため 、 まず 安全性 に 万全 を 期し	つつ	原子力 の 開発利用 を 引き続き 推進 する とともに 、 新・再生可能エネルギー 、 天然ガス 等 環境負荷 の 少ない エネルギー の 導入 を 一層 促進 し て まいり ます 。	まず安全性に万全を期し	原子力の開発利用を引き続き推進する	synchronous	0	0	0	0	0	0	0
47	48_diet_kaigiroku-11	また 、 分散型電源 の 開発導入 等 、 柔軟 な エネルギー供給構造 の 確立 を 図り	つつ	経済成長 の 持続 を 実現 し て まいり ます 。	分散型電源の開発導入等、柔軟なエネルギー供給構造の確立を図り	経済成長の持続を実現してまいります。	synchronous	0	0	0	0	0	0	0
48	72_diet_kaigiroku-11	私 は 、 政府 が 、 引き続き 、 内外 の 経済情勢 に 細心 の 注意 を 払い	つつ	、 適切 かつ 機動的 な 経済運営 に 努める こと により 、 民間部門 の 自助努力 と 相まっ て 、 景気回復 の 動き は 本格化 し て くる もの と 考え て おり ます 。	内外の経済情勢に細心の注意を払い	、適切かつ機動的な経済運営に努める	synchronous	0	0	0	0	0	0	0
49	85_diet_kaigiroku-11	また 、 我が 国 の 大幅 な 経営黒字 の 縮小 に向け 、 国民生活 の 向上 という 観点 も 視野 に 入れ	つつ	、 内需 の 持続的拡大 や ＯＴＯ （ 市場開放問題苦情処理推進本部 ） の 機能強化 等 を通じた 市場アクセス の 一層 の 改善 、 さらには 規制緩和 、 内外価格差 の 是正 等 各般 の 施策 を 積極的 に 推進 し て まいり ます 。	国民生活の向上という観点も視野に入れ	、内需の持続的拡大やＯＴＯ（市場開放問題苦情処理推進本部）の機能強化等を通じた市場アクセスの一層の改善、さらには規制緩和、内外価格差の是正等各般の施策を積極的に推進してまいります。	synchronous	0	0	0	0	0	0	0
50	86_diet_kaigiroku-11	さらに 、 発展途上国 へ の 経済協力 につきまして は 、 政府開発援助大綱 の 理念 、 原則 を 踏まえ	つつ	、 今後 五 カ年間 の 援助総額 を 七百 から 七百五十億 ドル と する 政府開発援助 の 第五 次 中期目標 に基づき 、 我が 国 の 経済的地位 に ふさわしい 国際貢献 を 図っ て まいり ます 。	政府開発援助大綱の理念、原則を踏まえ	、今後五カ年間の援助総額を七百から七百五十億ドルとする政府開発援助の第五次中期目標に基づき、我が国の経済的地位にふさわしい国際貢献を図ってまいります。	synchronous	0	0	0	0	0	0	0
51	88_diet_kaigiroku-11	この 新た な 時代 に 臨み 、 私 は 、 持続的 な 内需中心 の 成長 を 図り	つつ	、 国民生活 の 向上 と 地球社会 と の 共存 を とも に 目指し た 二十一 世紀 に向けて の 新た な 我が 国 経済 の 姿 を 実現 する ため 、 全力 を 尽くし て まいり ます 。	持続的な内需中心の成長を図り	、国民生活の向上と地球社会との共存をともに目指した二十一世紀に向けての新たな我が国経済の姿を実現するため、全力を尽くしてまいります。	synchronous	0	0	0	0	0	0	0
52	50_diet_kaigiroku-13	その 配分 に当たって は 、 公共投資基本計画 等 の 考え方 、 国民 の ニーズ 等 を 踏まえ	つつ	、 国民生活 の 質 の 向上 に 直結 する 分野 、 次世代 の 発展基盤 の 整備 など 経済構造改革 に 資する 分野 等 へ の 重点化 を 図っ て おり ます 。	公共投資基本計画等の考え方、国民のニーズ等を踏まえ	、国民生活の質の向上に直結する分野、次世代の発展基盤の整備など経済構造改革に資する分野等への重点化を図っております。	synchronous	0	0	0	0	0	0	0
53	58_diet_kaigiroku-13	地方財政 につきまして は 、 引き続き 大幅 な 財源不足 が 見込ま れ ます が 、 一方 、 国 の 財政事情 も 極めて 厳しく 、 公経済 の 車 の 両輪 が バランス の とれ た 財政運営 を 行う 必要 が ある という 基本的 な 考え方 を 踏まえ	つつ	、 所要 の 地方交付税総額 を 確保 する など 、 その 運営 に 支障 を 生ずる こと の ない よう 適切 な 措置 を 講ずる こと と いたし て おり ます 。	公経済の車の両輪がバランスのとれた財政運営を行う必要があるという基本的な考え方を踏まえ	、所要の地方交付税総額を確保するなど、その運営に支障を生ずることのないよう適切な措置を講ずる	synchronous	0	0	0	0	0	0	0
54	80_diet_kaigiroku-13	我が 国 において も 、 新た な 財政健全化目標 の 達成 の ため 、 財政構造改革 を 強力 に 推進 する こと と し 、 幅広い 議論 を 踏まえ	つつ	、 あらゆる 努力 を 傾注 し て まいり たい と 考え て おり ます 。	幅広い議論を踏まえ	、あらゆる努力を傾注してまいりたい	synchronous	0	0	0	0	0	0	0
55	91_diet_kaigiroku-15	政府 におきまして は 、 本日 の 御決議 を 十分 踏まえ まし て 、 関係省庁 と 密接 な 連携 を とり	つつ	、 東南海・南海地震対策 を 着実 に 推進 し て まいる 所存 で あり ます 。	関係省庁と密接な連携をとり	、東南海・南海地震対策を着実に推進してまいる所存であります。	synchronous	0	0	0	0	0	0	0
56	33_diet_kaigiroku-17	なお 、 本件 に は 、 業務 の 効率化 に 努め	つつ	、 必要 な 施策 を 計画 し て おり 、 適当 な もの と 認める 旨 の 総務大臣 の 意見 が 付さ れ て おり ます 。	業務の効率化に努め	、必要な施策を計画しており	synchronous	0	0	0	0	0	0	0
57	24_essay_aobascientia21_Sakanoi2014	飯舘村 の 方々 と の つながり を 今後 も 大切 に し	つつ	、 ハレアカラ に 移設 さ れ た 望遠鏡 を 用い て 新た な 研究成果 を 創出 する こと を 目指し 、 今後 は 装置開発 や 観測 に 力 を 注い で いこ う と 決意 し て い ます 。	飯舘村の方々とのつながりを今後も大切にし	、ハレアカラに移設された望遠鏡を用いて新たな研究成果を創出することを目指し	synchronous	0	0	0	0	0	0	0
58	35_essay_crossover30_Ihara2016	哲学者 デカルト は ガリレオ裁判 の 行方 を 気 に し	つつ	『 方法序説 』 （ 1637 年 ） を 出版 し た し 、 ジョン・ミルトン は 幽閉 さ れ た ガリレオ を 救出 する 運動 を ヨーロッパ世界 に 投げかけ て も い まし た 。	ガリレオ裁判の行方を気にし	『方法序説』（1637年）を出版した	synchronous	0	0	0	0	0	0	0
59	163_essay_Hepburn_no_shoogai_to_nihongo2	大火 で 家 も 焼け 、 英人 の 銀行 に ボーイ勤め を する うち 、 馬丁 や コック仲間 に 混っ て 大酒呑み と なり 、 周囲 を 心配 さ せ た が 、 慶応 三 年 、 勝小鹿 や 富田鉄之助 が 米国 に 留学 する 時 、 ヴァン・リード の 口きき で 、 働き	つつ	学ぶ こと に なっ て 、 渡米 し て いっ た 。	働き	学ぶ	synchronous	0	0	0	0	0	0	0
60	185_essay_Hepburn_no_shoogai_to_nihongo2	女性 が 事務能力 を 発揮 し	つつ	、 一家 の 中心 と なっ て 働く さま は 、 日本 の 少年少女たち を 驚か せ た 。	事務能力を発揮し	、一家の中心となって働く	synchronous	0	0	0	0	0	0	0
61	400_essay_Hepburn_no_shoogai_to_nihongo2	言い	つつ	ヘボン は 、 右手 で 旧約 を 、 左手 で 新約 を 挙げ 、 聴衆 に 示し て から 、 ぴったり と 一 つ に 合わせ 、 敬虔 な 態度 で 卓上 に 置い た 。	言い	ヘボンは、右手で旧約を、左手で新約を挙げ、聴衆に示してから、ぴったりと一つに合わせ、敬虔な態度で卓上に置いた。	synchronous	0	0	0	0	0	0	0
62	516_essay_Hepburn_no_shoogai_to_nihongo2	Ｗ・Ｅ・グリフィス は 、 任期満了 で 帰国 し て 以来 、 「 Hepburn_of_Japan 」 を 執筆 し	つつ	、 ニューヨーク や フィラデルフィア から 、 ヘボン に も 、 その 弟 スレーター に も 、 質問 を 寄せ 続け 、 しきり に 「 ヘボン をめぐる 人々 」 と 文通 し て い た 。	「Hepburn_of_Japan」を執筆し	、ニューヨークやフィラデルフィアから、ヘボンにも、その弟スレーターにも、質問を寄せ続け、しきりに「ヘボンをめぐる人々」と文通していた。	synchronous	0	0	0	0	0	0	0
63	45_essay_manabi67_Ashidate2014spring	なお 、 法制度 の 外 で も 、 著作者 の 利益 を 図り	つつ	著作物 の 利用 を 促進 する ため の 取り組み が 行わ れ て い ます 。	著作者の利益を図り	著作物の利用を促進する	synchronous	0	0	0	0	0	0	0
64	48_essay_manabi67_Ashidate2014spring	著作権法研究 は 、 こうした 法制度外 の 解決可能性 や 、 著作物 の 市場 や 技術 の 変化 といった さまざま な 要素 を 考慮 し	つつ	、 著作物 の 適切 な 保護 と 利用 を 実現 する ため の 法制度 の 在り方 を 追求 し て いく 作業 と いう こと が できる と 思い ます 。	こうした法制度外の解決可能性や、著作物の市場や技術の変化といったさまざまな要素を考慮し	、著作物の適切な保護と利用を実現するための法制度の在り方を追求していく	synchronous	0	0	0	0	0	0	0
65	287_fiction_automatic-1	朝田ハルキ は 目の玉 が 飛び出し そう に なり	つつ	、 あまり に も 一瞬 の 出来事 すぎ て どう にも 出来 なかっ た 。	目の玉が飛び出しそうになり	、あまりにも一瞬の出来事すぎてどうにも出来なかった。	synchronous	0	1	0	0	0	0	0
66	160_fiction_kemonofriends2_R2	沸き起こる 興奮 に 心地よく 身 を 委ね	つつ	、 イエイヌ は 相手 の 顔 を 舐め た 。	沸き起こる興奮に心地よく身を委ね	、イエイヌは相手の顔を舐めた。	synchronous	0	0	0	0	0	0	0
67	94_fiction_mirai_e_no_okurimono	二人 も そんな 気分 に 浸り	つつ	、 アーカイブスセンター に 到着 し た 。	そんな気分に浸り	、アーカイブスセンターに到着した。	synchronous	0	0	0	0	0	0	0
68	305_fiction_mirai_e_no_okurimono	マリコ は 俊也 の 言葉 を 聞き き	つつ	、 局 の 外 を 横目 で ちらりと 見渡し て い た 。	俊也の言葉を聞きき	、局の外を横目でちらりと見渡していた。	synchronous	0	0	0	0	0	0	0
69	478_fiction_mirai_e_no_okurimono	その 後 、 空 の 旅 を 満喫 し	つつ	、 3 人 は 疲れ た 様子 で ぐっすり 眠 て しまっ た 。	空の旅を満喫し	、3人は疲れた様子でぐっすり眠てしまった。	synchronous	0	0	0	0	0	0	0
70	647_fiction_mirai_e_no_okurimono	乗客 の 命 を 守り	つつ	、 この 状態 を 回避 する 術 を 見つける こと が 大事 な 気 が し ます 。	乗客の命を守り	、この状態を回避する	synchronous	0	0	0	0	0	0	0
71	392_fiction_onna_to_senso	心 の 赴く 所 へ つっ走っ て ゆけ ない 現実 の わたし 、 子 や 親 の しがらみ を ひきずっ て 、 旅 に 出る の も ままならず 、 汚染 さ れ た 空気 や 騒音 に 辟易 し	つつ	、 都会 の 真中 で あくせく し て いる わたし が ここ に いる 。	汚染された空気や騒音に辟易し	、都会の真中であくせくしている	synchronous	0	0	0	0	0	0	0
72	878_fiction_onna_to_senso	乳のみ子 を 置い て 従軍 し 、 張る 乳 を しぼり捨て 、 乳房 を 冷やし	つつ	軍 に 奉仕 し た 日赤看護婦 が 美談 の 代表 と さ れ た 。	乳房を冷やし	軍に奉仕した	synchronous	0	0	0	0	0	0	0
73	2_misc_TOPTEN;1b	太郎 が 新聞 を 読み	つつ	ご飯 を 食べ て いる 。	新聞を読み	ご飯を食べている。	synchronous	0	0	0	0	0	0	0
74	65_news_KAHOKU_119	基本 セットプレー 、 ＦＫ で 得点 を 狙い	つつ	１ 点 を 守り勝と う 。	基本セットプレー、ＦＫで得点を狙い	１点を守り勝とう	synchronous	0	0	0	0	0	0	0
75	50_news_KAHOKU_214;K201406110A0T10XX00001	むすび塾 の よう な 話し合い の 機会 を 重ね	つつ	、 日頃 から 声 を 掛け たい 。	むすび塾のような話し合いの機会を重ね	、日頃から声を掛けたい。	synchronous	0	0	0	0	0	0	0
76	29_news_KAHOKU_513	各地 の 伝説 を 受け止め	つつ	、 大嶽丸 の 姿 を 見つめ直そ う と 南方 の 住民ら 約２０ 人 が 集まっ た 。	各地の伝説を受け止め	、大嶽丸の姿を見つめ直そう	synchronous	0	0	0	0	0	0	0
77	11_nonfiction_greetings	これ から の 国語研 は この よう な 方向性 を 維持 し	つつ	， 将来 何十 年 ， 場合 によって は 何百 年 に も わたっ て 残る 研究成果 を 出す ため に ， さらに 基礎的 な 研究 を 充実 さ せ て いく べき で ある と 考え ます 。	このような方向性を維持し	，将来何十年，場合によっては何百年にもわたって残る研究成果を出す	synchronous	0	0	0	0	0	0	0
78	110_ted_talk_5	彼ら に 敬意 を 払い	つつ	みなさん は こちら の 空 の 額 を ご覧 いただき 自分 の 写真 を ここ に 想像 し て み て ください	彼らに敬意を払い	みなさんはこちらの空の額をご覧いただき自分の写真をここに想像してみてください	synchronous	0	0	0	0	0	0	0
79	479_textbook_djg_intermediate;page_543	彼女 は 夫 の 無罪 を 信じ	つつ	息 を 引き取っ た 。	夫の無罪を信じ	息を引き取った。	synchronous	0	0	0	0	0	0	0
80	274_whitepaper_H20_kokuminseikatsu1	商品 の 購入 検討時 について 言え ば 、 日常的 に 買い物行動 を とる 頻度 が 高い 女性 は 比較的 環境 へ の 意識 を 持ち	つつ	、 購入商品 の 選択 を 行っ て いる 様子 が うかがえる 。	環境への意識を持ち	、購入商品の選択を行っている	synchronous	0	0	0	0	0	0	0
81	204_whitepaper_H26_kodomowakamono2	また ， 俯瞰力 と 独創力 を 備え ， 広く 産学官 にわたり グローバル に 活躍 する リーダー を 養成 する ため ， 産 ・ 学 ・ 官 の 参画 を 得	つつ	専門分野 の 枠 を 超え て 博士課程 前期 ・ 後期 一貫 し た 学位プログラム を 構築 ・ 展開 する 大学院教育 の 抜本的改革 を 支援 する 「 博士課程教育リーディングプログラム 」 を 実施 し て いる 。	産・学・官の参画を得	専門分野の枠を超えて博士課程前期・後期一貫した学位プログラムを構築・展開する	synchronous	0	0	0	0	0	0	0
82	308_whitepaper_H26_kodomowakamono2	例えば ， 宮城県 石巻市 で は ， 地域 の 高校生 が ， 自分たち の 将来像 を 描き	つつ	， 自ら が 職場体験 や インターンシップ の 受入先 を 検討 ・ 開拓 する 取組 を 進める など ， 地域 で 地域 の 高校生 を 育てる 体制 の 構築 を 目指し た 取組 を 進め て いる 。	自分たちの将来像を描き	，自らが職場体験やインターンシップの受入先を検討・開拓する取組を進める	synchronous	0	0	0	0	0	0	0
83	470_whitepaper_H26_kodomowakamono2	厚生労働省 は ， 都道府県 とともに ， 職業 に 必要 な 知識 ・ 技能 を 習得 さ せる こと により 若者 の 就職 を 支援 する ため ， 公共職業能力開発施設 の ほか ， 大学 を 含む 多様 な 民間教育訓練機関 も 活用 し	つつ	， 公共職業訓練 を 実施 し て いる 。	大学を含む多様な民間教育訓練機関も活用し	，公共職業訓練を実施している。	synchronous	0	0	0	0	0	0	0
84	471_whitepaper_H26_kodomowakamono2	また ， 求職者支援制度 により ， 雇用保険 を 受給 でき ない 若者 など に対して ， 職業訓練 を 実施 し	つつ	， 訓練期間中 の 生活 を 支援 する ため の 給付金 を 支給 し ， ハローワーク における きめ細か な 就職支援 を 行っ て いる 。	職業訓練を実施し	，訓練期間中の生活を支援するための給付金を支給し	synchronous	0	0	0	0	0	0	0
85	490_whitepaper_H26_kodomowakamono2	文部科学省 は ， 学生 の 厳しい 雇用情勢 を 受け ， 関係府省 と 連携 し	つつ	， 大学 など の 就職相談員 と ハローワーク の ジョブサポーター と の 連携 の 促進 など により ， 大学 など における 就職支援体制 を 強化 し て いる 。	関係府省と連携し	，大学などの就職相談員とハローワークのジョブサポーターとの連携の促進などにより，大学などにおける就職支援体制を強化している。	synchronous	0	0	0	0	0	0	0
86	196_whitepaper_H27_akita_kankyo1	平成 26 年度 は 、 白神山地 の 保全 と 利活用 を 両立 さ せ	つつ	推進 する ため 、 白神山地 を フィールド と し た 環境保全教育 の 一環 として 、 白神山地 を 訪れる 機会 の 少ない 県央・県南地区 の 小学生 を 対象 と し た 自然体験教室 を 開催 し まし た 。	白神山地の保全と利活用を両立させ	推進する	synchronous	0	0	0	0	0	0	0
87	166_whitepaper_H28_kotsuanzen1	特に ， バリアフリー法 に 基づく 重点整備地区 に 定め られ た 駅 の 周辺地区 等 において は ， 公共交通機関 等 の バリアフリー化 と 連携 し	つつ	， 誰 も が 歩き やすい 幅 の 広い 歩道 ， 道路横断時 の 安全 を 確保 する 機能 を 付加 し た バリアフリー対応型信号機 等 の 整備 を 連続的 ・ 面的 に 整備 し ネットワーク化 を 図っ た 。	公共交通機関等のバリアフリー化と連携し	，誰もが歩きやすい幅の広い歩道，道路横断時の安全を確保する機能を付加したバリアフリー対応型信号機等の整備を連続的・面的に整備し	synchronous	0	0	0	0	0	0	0
88	169_whitepaper_H28_kotsuanzen1	イ 横断歩道 ， バス停留所 付近 の 違法駐車 等 の 悪質性 ， 危険性 ， 迷惑性 の 高い 駐車違反 に対する 取締り を 推進 する とともに ， 高齢者 ， 障害者 等 の 円滑 な 移動 を 阻害 する 要因 と なっ て いる 歩道 や 視覚障害者誘導用ブロック上 等 の 自動二輪車 等 の 違法駐車 について も ， 放置自転車 等 の 撤去 を 行う 市町村 と 連携 を 図り	つつ	積極的 な 取締り を 推進 し た 。	放置自転車等の撤去を行う市町村と連携を図り	積極的な取締りを推進した。	synchronous	0	0	0	0	0	0	0
89	175_whitepaper_H28_kotsuanzen1	交通安全 に 資する 道路整備事業 の 実施 に当たって ， 効果 を 科学的 に 検証 し	つつ	， マネジメントサイクル を 適用 する こと により ， 効率的 ・ 効果的 な 実施 に 努め ， 少ない 予算 で 最大 の 効果 を 獲得 できる よう ， 幹線道路 において ， 「 選択 と 集中 」 ， 「 市民参加 ・ 市民 と の 協働 」 により 重点的 ・ 集中的 に 交通事故 の 撲滅 を 図る 『 事故ゼロプラン （ 事故危険区間重点解消作戦 ） 』 を 推進 し た 。	効果を科学的に検証し	，マネジメントサイクルを適用する	synchronous	0	0	0	0	0	0	0
90	179_whitepaper_H28_kotsuanzen1	幹線道路 について は ， 交通 の 安全 と 円滑化 を 図る ため ， 道路 の 構造 ， 交通安全施設 等 の 整備状況 ， 交通実態 等 を 勘案 し	つつ	， 速度規制 ， 追越し の ため の 右側部分はみ出し通行 禁止規制 等 について 見直し を 行い ， その 適正化 を 図っ た 。	道路の構造，交通安全施設等の整備状況，交通実態等を勘案し	，速度規制，追越しのための右側部分はみ出し通行禁止規制等について見直しを行い	synchronous	0	0	0	0	0	0	0
91	206_whitepaper_H28_kotsuanzen1	ウ 道路 の 機能 と 沿道 の 土地利用 を 含め た 道路 の 利用実態 と の 調和 を 図る こと が 交通 の 安全 の 確保 に 資する こと から ， 交通流 の 実態 を 踏まえ	つつ	， 沿道 から の アクセス を 考慮 し た 副道 等 の 整備 ， 植樹帯 の 設置 ， 路上駐停車対策 等 を 推進 し た 。	交通流の実態を踏まえ	，沿道からのアクセスを考慮した	synchronous	0	0	0	0	0	0	0
92	215_whitepaper_H28_kotsuanzen1	社会資本整備重点計画 に 即し て ， 都道府県公安委員会 及び 道路管理者 が 連携 し ， 交通事故実態 の 調査 ・ 分析 を 行い	つつ	， 重点的 ， 効果的 かつ 効率的 に 歩道 や 信号機 の 整備 を始めとした 交通安全施設等整備事業 を 推進 する こと により ， 道路交通環境 を 改善 し ， 交通事故 の 防止 と 交通 の 円滑化 を 図っ た 。	連携し，交通事故実態の調査・分析を行い	，重点的，効果的かつ効率的に歩道や信号機の整備を始めとした交通安全施設等整備事業を推進する	synchronous	0	0	0	0	0	0	0
93	235_whitepaper_H28_kotsuanzen1	都道府県警察 と 道路管理者 が 設置 し て いる 「 都道府県道路交通環境安全推進連絡会議 」 や その 下 に 設置 さ れ て いる 「 アドバイザー会議 」 を 活用 し ， 学識経験者 の アドバイス を 受け	つつ	施策 の 企画 ， 評価 ， 進行管理 等 に関して 協議 を 行い ， 的確 かつ 着実 に 安全 な 道路交通環境 の 実現 を 図っ た 。	学識経験者のアドバイスを受け	施策の企画，評価，進行管理等に関して協議を行い	synchronous	0	0	0	0	0	0	0
94	243_whitepaper_H28_kotsuanzen1	速度規制 について は ， 最高速度規制 が 交通実態 に 合っ た 合理的 な もの と なっ て いる かどうか の 観点 から ， 点検 ・ 見直し を 進める こと に加え ， 一般道路 において は ， 実勢速度 ， 交通事故発生状況 等 を 勘案 し	つつ	， 規制速度 の 引上げ ， 規制理由 の 周知措置 等 を 計画的 に 推進 する とともに ， 生活道路 において は ， 速度抑制対策 を 積極的 に 推進 し た 。	実勢速度，交通事故発生状況等を勘案し	，規制速度の引上げ，規制理由の周知措置等を計画的に推進する	synchronous	0	0	0	0	0	0	0
95	249_whitepaper_H28_kotsuanzen1	クリーン かつ エネルギー効率 の 高い 持続可能 な 都市内交通体系 の 実現 に向け ， 自転車 の 役割 と 位置づけ を 明確 に し	つつ	， 交通状況 に応じて ， 歩行者 ・ 自転車 ・ 自動車 の 適切 な 分離 を 図り ， 歩行者 と 自転車 の 事故 等 へ の 対策 を 講じる など ， 安全 で 快適 な 自転車利用環境 を 創出 する 必要 が ある 。	自転車の役割と位置づけを明確にし	，交通状況に応じて，歩行者・自転車・自動車の適切な分離を図り	synchronous	0	0	0	0	0	0	0
96	307_whitepaper_H28_kotsuanzen1	また ， 民間事業者 が 保有 する プローブ情報 を 活用 し	つつ	， 災害時 に 交通情報 を 提供 する ため の 環境 の 整備 を 推進 し た 。	民間事業者が保有するプローブ情報を活用し	，災害時に交通情報を提供するための環境の整備を推進した。	synchronous	0	0	0	0	0	0	0
97	312_whitepaper_H28_kotsuanzen1	ア 地域住民 等 の 意見要望 等 を 十分 に 踏まえ	つつ	， 駐車規制 の 点検 ・ 見直し を 実施 する とともに ， 物流 の 必要性 や 自動二輪車 の 駐車需要 等 に も 配慮 し ， 地域 の 交通実態 等 に 応じ た 規制 の 緩和 を 行う など ， きめ細か な 駐車規制 を 推進 し た 。	地域住民等の意見要望等を十分に踏まえ	，駐車規制の点検・見直しを実施する	synchronous	0	0	0	0	0	0	0
98	329_whitepaper_H28_kotsuanzen1	多様化 する 道路利用者 の ニーズ に 応え て 道路利用者 に対し 必要 な 道路交通情報 を 提供 する こと により ， 安全 かつ 円滑 な 道路交通 を 確保 する ため ， 光ファイバーネットワーク 等 の 情報技術 を 活用 し	つつ	， 光ビーコン ， 交通監視カメラ ， 車両感知器 ， 交通情報板 ， 道路情報提供装置 等 の 整備 による 情報収集 ・ 提供体制 の 充実 を 図る とともに ， 交通管制エリア の 拡大 等 の 交通管制システム の 充実 ・ 高度化 を 図る ほか ， 全国 の 交通規制情報 の データベース化 を 推進 し た 。	光ファイバーネットワーク等の情報技術を活用し	，光ビーコン，交通監視カメラ，車両感知器，交通情報板，道路情報提供装置等の整備による情報収集・提供体制の充実を図る	synchronous	0	0	0	0	0	0	0
99	471_whitepaper_H28_kotsuanzen1	また ， 地方 において は ， 都道府県交通対策協議会 等 の 関係機関 を通じて ， 国 の 機関 の 地方支分部局 ， 地方公共団体 及び 民間団体 が 相互 に 連絡 を 保持 し	つつ	， 地域 の 実態 等 に 応じ た 具体的 な 実施計画 を 作成 し ， 運動期間 を 中心 と し て 広報活動 及び 交通安全教育 を 推進 する とともに ， 生活道路網 を 中心 と する 道路交通環境 の 点検整備 等 を 集中的 に 実施 する 等 の 効果的 な 運動 を 展開 し た 。	相互に連絡を保持し	，地域の実態等に応じた具体的な実施計画を作成し	synchronous	0	0	0	0	0	0	0
100	494_whitepaper_H28_kotsuanzen1	平成 28 年 11 月 に 警察庁 と （一社）日本自動車連盟 が 合同 で 実施 し た 全国調査 によると ， チャイルドシート使用率 は ， 6 歳 未満 全体 が 64.2 % ， 5 歳 児 が 39.1 % に とどまっ て おり ， また ， 取り付け の 不備 が ６ 割 以上 と なっ て いる こと から ， チャイルドシート の 使用効果 及び 正しい 使用方法 について ， 着用推進シンボルマーク 等 を 活用 し	つつ	， 幼稚園 ・ 保育所 ・ 認定こども園 ， 病院 ， 販売店 等 と 連携 し た 保護者 に対する 効果的 な 広報啓発 ・ 指導 に 努め ， 正しい 使用 の 徹底 を 図っ た 。	着用推進シンボルマーク等を活用し	，幼稚園・保育所・認定こども園，病院，販売店等と連携した保護者に対する効果的な広報啓発・指導に努め	synchronous	0	0	0	0	0	0	0
101	338_whitepaper_H28_kotsuanzen2	暴走族関係事犯者 の 捜査 に当たって は ， 個々 の 犯罪事実 は もとより ， 組織 の 実態 や それぞれ の 被疑者 の 非行 の 背景 と なっ て いる 行状 ， 性格 ， 環境 等 の 諸事情 を 明らか に し	つつ	， 事件 の 速やか な 処理 に 努める とともに ， グループ の 解体 や 暴走族グループ から 加入者 等 を 離脱 さ せる など 暴走族関係事犯者 の 再犯防止 に 努め た 。	個々の犯罪事実はもとより，組織の実態やそれぞれの被疑者の非行の背景となっている行状，性格，環境等の諸事情を明らかにし	，事件の速やかな処理に努める	synchronous	0	0	0	0	0	0	0
102	168_whitepaper_H28_kotsuanzen3	警察 で は ， ひき逃げ事件 ， 死亡 又は 全治 ３ か月 以上 の 重傷 の 被害 が 生じ た 交通事故事件 ， 危険運転致死傷罪 の 適用 が 見込ま れる 事件 等 を 中心 と し て ， 交通死亡事故 等 の 被害者 及び その 家族 又は 遺族 に対して ， 捜査 へ の 支障 を 勘案 し	つつ	， 可能 な 限り ， 事案 の 概要 ， 捜査経過 ， 被疑者 の 検挙 や 運転免許 の 停止・取消処分 等 に関する 情報 を 提供 する よう 努める とともに ， 交通事故事件 に係る 「 被害者の手引 」 ， 現場配布用リーフレット 等 の 配布 や 各種 相談活動 によって ， 被害者 等 にとって 必要 な 情報 の 提供 に 努め た 。	捜査への支障を勘案し	，可能な限り，事案の概要，捜査経過，被疑者の検挙や運転免許の停止・取消処分等に関する情報を提供するよう努める	synchronous	0	0	0	0	0	0	0
103	211_whitepaper_H28_kotsuanzen3	地理情報システム （ GIS ） の 標準化動向 を 見極め	つつ	， 道路関係データ の 形式 の 統一化 ， データベース の 整備 など 道路交通 全般 にわたり 共通 し て 道路情報 を 効率的 に 利用 ， 提供 できる 環境整備 を 推進 し た 。	地理情報システム（GIS）の標準化動向を見極め	，道路関係データの形式の統一化，データベースの整備など道路交通全般にわたり共通して道路情報を効率的に利用，提供できる環境整備を推進した。	synchronous	0	0	0	0	0	0	0
104	78_whitepaper_H28_shinrinringyo1	この 実証研究 において は 、 急傾斜地 等 で 用い られる 架線系作業システム の 場合 は 、 架線 を 利用 し て 苗木 を 運搬 する こと により 、 運搬 に 要する 労働投入量 を 大幅 に 縮減 できる こと を 明らか に し た 上 で 、 傾斜 等 の 地域 の 特性 を 踏まえ	つつ	、 具体的 な 林業機械 の 組み合わせ や 植栽方法 を 検討 し ながら 「 伐採 と 造林 の 一貫作業システム 」 を 構築 し て いく 必要 が ある こと を 示唆 し て いる 。	傾斜等の地域の特性を踏まえ	、具体的な林業機械の組み合わせや植栽方法を検討しながら「伐採と造林の一貫作業システム」を構築していく	synchronous	0	0	0	0	0	0	0
105	210_whitepaper_H28_shinrinringyo1	この こと を 踏まえ 、 近年 で は 、 木材流通 において 情報通信技術 （ ICT ） を 活用 し	つつ	、 森林情報 や 出材 が 可能 な 原木 の 数量 に関する 情報 を 統合 さ せ て 、 効率的 な 木材流通 を 実現 し よう と する 動き も み られる （ 事例I－４ ） 。	木材流通において情報通信技術（ICT）を活用し	、森林情報や出材が可能な原木の数量に関する情報を統合させて、効率的な木材流通を実現しようとする	synchronous	0	0	0	0	0	0	0
106	295_whitepaper_H28_shinrinringyo1	CNF の 実用化 ・ 利用拡大 に向け 、 関係 する 農林水産省 、 林野庁 、 経済産業省 、 環境省 、 文部科学省 が 連携 し	つつ	、 施策 を 進め て いる 。	連携し	、施策を進めている。	synchronous	0	0	0	0	0	0	0
107	327_whitepaper_H28_shinrinringyo1	また 、 国有林野事業 において も 、 その 広大 な フィールド や 技術力 等 を 活用 し 、 大学 等 研究機関 と 協定 を 締結 し て 産学官連携 を 図り	つつ	、 コンテナ苗 を 用い た 「 伐採 と 造林 の 一貫作業システム 」 や 低密度 で の 植栽 等 に関する 新た な 技術 の 開発 や 実証 に 取り組む とともに 、 民有林 の 関係者 を 対象 と し た 現地検討会 による 普及 の 取組 を 進め て いる 。	大学等研究機関と協定を締結して産学官連携を図り	、コンテナ苗を用いた「伐採と造林の一貫作業システム」や低密度での植栽等に関する新たな技術の開発や実証に取り組む	synchronous	0	0	0	0	0	0	0
108	45_whitepaper_H28_shinrinringyo2	「 森林 の 有する 多面的機能 の 発揮 」 の 目標 として は 、 ５ 年 後 （ 平成 32 （ 2020 ） 年 ） 、 10 年 後 （ 平成 37 （ 2025 ） 年 ） 及び 20 年 後 （ 平成 47 （ 2035 ） 年 ） の 目標 と する 森林 の 状態 を 提示 し て おり 、 傾斜 や 林地生産力 といった 自然条件 や 集落 等 から の 距離 といった 社会的条件 の 良い 森林 について は 、 育成単層林 として 整備 を 進める とともに 、 急斜面 の 森林 又は 林地生産力 の 低い 育成単層林 等 について は 、 公益的機能 の 一層 の 発揮 を 図る ため 、 自然条件 等 を 踏まえ	つつ	育成複層林 へ の 誘導 を 推進 する こと と し て いる （ 資料 II－９ ） 。	自然条件等を踏まえ	育成複層林への誘導を推進する	synchronous	0	0	0	0	0	0	0
109	51_whitepaper_H28_shinrinringyo2	「 林産物 の 供給 及び 利用 の 確保 に関する 施策 」 として は 、 我が 国 の 経済社会 の 動向 や 木材 の 需要構造 の 変化 等 を 踏まえ た 上 で 、 必要 と なる 人材 を 育成 する とともに 、 民間 の 活力 を 活かし	つつ	、 原木 の 安定供給体制 の 構築 、 木材産業 の 競争力強化 、 新た な 木材需要 の 創出 を 図っ て いく こと と し て いる （ 資料 II－12 、 13 ） 。	民間の活力を活かし	、原木の安定供給体制の構築、木材産業の競争力強化、新たな木材需要の創出を図っていく	synchronous	0	0	0	0	0	0	0
110	66_whitepaper_H28_shinrinringyo2	これら の 計画 で は 、 「 全国森林計画 」 に 即し	つつ	、 地域 の 特性 を 踏まえ ながら 、 森林 の 整備 及び 保全 の 目標 並びに 森林 の 区域 （ ゾーニング ） 及び 伐採 等 の 施業方法 の 考え方 を 提示 し て いる 。	「全国森林計画」に即し	、地域の特性を踏まえながら、森林の整備及び保全の目標並びに森林の区域（ゾーニング）及び伐採等の施業方法の考え方を提示している。	synchronous	0	0	0	0	0	0	0
111	83_whitepaper_H28_shinrinringyo2	特に 、 我が 国 の 森林面積 の 約４ 割 （ 1,029万 ha ） を 占める 人工林 について は 、 その 半数 以上 が 10 齢級 以上 の 主伐期 を 迎え て おり 、 公益的機能 を 発揮 し	つつ	森林資源 の 循環利用 を 図る こと が 重要 で あり 、 資源 の 適切 な 利用 を 進め つつ 、 必要 な 間伐 や 主伐後 の 再造林 等 を 着実 に 行う 必要 が ある 。	公益的機能を発揮し	森林資源の循環利用を図る	synchronous	0	0	0	0	0	0	0
112	83_whitepaper_H28_shinrinringyo2	特に 、 我が 国 の 森林面積 の 約４ 割 （ 1,029万 ha ） を 占める 人工林 について は 、 その 半数 以上 が 10 齢級 以上 の 主伐期 を 迎え て おり 、 公益的機能 を 発揮 し つつ 森林資源 の 循環利用 を 図る こと が 重要 で あり 、 資源 の 適切 な 利用 を 進め	つつ	、 必要 な 間伐 や 主伐後 の 再造林 等 を 着実 に 行う 必要 が ある 。	資源の適切な利用を進め	、必要な間伐や主伐後の再造林等を着実に行う	synchronous	0	0	0	0	0	0	0
113	90_whitepaper_H28_shinrinringyo2	この うち 、 「 森林環境保全直接支援事業 」 で は 、 「 森林経営計画 」 の 作成者 等 が 施業 の 集約化 や 路網整備 等 を通じて 低コスト化 を 図り	つつ	計画的 に 実施 する 施業 に対し 、 支援 を 行っ て いる 。	施業の集約化や路網整備等を通じて低コスト化を図り	計画的に実施する	synchronous	0	0	0	0	0	0	0
114	110_whitepaper_H28_shinrinringyo2	各林業公社 で は 、 この よう な 支援 等 も 活用 し	つつ	、 経営改善 に 取り組ん で いる （ 事例 II－１ ） 。	このような支援等も活用し	、経営改善に取り組んでいる（事例II－１）。	synchronous	0	0	0	0	0	0	0
115	172_whitepaper_H28_shinrinringyo2	森林 や 林業 の 役割 を 理解 し 、 社会 全体 で 森林 を 持続的 に 保全 し	つつ	利用 し て いく こと は 持続可能 な 社会 の 構築 に 寄与 し 得る もの で ある こと から 、 「 持続可能 な 開発 の ため の 教育 （ ESD ） 」 の 考え方 を 取り入れ ながら 森林環境教育 に 取り組む 事例 も み られる 。	森林を持続的に保全し	利用していく	synchronous	0	0	0	0	0	0	0
116	295_whitepaper_H28_shinrinringyo2	これら の 報告 や 林野庁 により 開催 さ れ た 「 東日本大震災に係る海岸防災林の再生に関する検討会 」 が 示し た 方針 を 踏まえ 、 林野庁 で は 都道府県 等 と 連携 し	つつ	、 被災状況 や 地域 の 実情 、 地域 の 生態系保全 の 必要性 に 応じ た 再生方法 等 を 考慮 し ながら 、 東日本大震災 により 被災 し た 海岸防災林 の 復旧 ・ 再生 を 進める とともに 、 全国 で 飛砂害 、 風害 及び 潮害 の 防備 等 を 目的 と し て 、 海岸防災林 の 整備 ・ 保全 を 進め て いる 。	都道府県等と連携し	、被災状況や地域の実情、地域の生態系保全の必要性に応じた再生方法等を考慮しながら、東日本大震災により被災した海岸防災林の復旧・再生を進めるとともに、全国で飛砂害、風害及び潮害の防備等を目的として、海岸防災林の整備・保全を進めている。	synchronous	0	0	0	0	0	0	0
117	324_whitepaper_H28_shinrinringyo2	林野庁 、 環境省 、 鹿児島県 及び 沖縄県 は 、 同推薦地 について 、 有識者 から の 助言 を 得	つつ	、 自然環境 の 価値 を 保全 する ため に 必要 な 方策 の 検討 、 保全管理体制 の 整備 及び 保全 の 推進 等 の 取組 を 連携 し て 進め て いる 。	有識者からの助言を得	、自然環境の価値を保全するために必要な方策の検討、保全管理体制の整備及び保全の推進等の取組を連携して進めている。	synchronous	0	0	0	0	0	0	0
118	401_whitepaper_H28_shinrinringyo2	これら の こと も 踏まえ	つつ	、 盛岡森林管理署 （ 岩手県 盛岡市 ） で は 、 民有林 の 関係 ５ 団体 とともに 、 平成 28 （ 2016 ） 年 ７ 月 に 「 岩手町横断松くい虫防除帯森林整備推進協定 」 を 締結 し た 。	これらのことも踏まえ	、盛岡森林管理署（岩手県盛岡市）では、民有林の関係５団体とともに、平成28（2016）年７月に「岩手町横断松くい虫防除帯森林整備推進協定」を締結した。	synchronous	0	0	0	0	0	0	0
119	418_whitepaper_H28_shinrinringyo2	その 上 で 、 1990 年代 以降 、 森林率 を 向上 又は 維持 し	つつ	食料安全保障 の 改善 に も 成功 し た ７ か国 の 事例 を 分析 し 、 森林 と 農業 の ため の より 良い 土地利用行政 に向けて の 政策的提言 を 取りまとめ て いる 。	森林率を向上又は維持し	食料安全保障の改善にも成功した	synchronous	0	0	0	0	0	0	0
120	481_whitepaper_H28_shinrinringyo2	平成 29 （ 2017 ） 年度 与党税制改正大綱 において は 、 森林吸収源対策 及び 地方 の 地球温暖化対策 に関する 安定的 な 財源 の 確保 として 、 「 エネルギー起源CO2 の 排出抑制 の ため の 木質バイオマス の エネルギー利用 や 木材 の マテリアル利用 を 普及 し て いく こと は 、 森林吸収源対策 の 推進 に も 寄与 する こと から 、 地球温暖化対策 の ため の 税 について 、 その 本格的 な 普及 に向けた モデル事業 や 技術開発 、 調査 へ の 活用 の 充実 を 図る 」 こと や 、 森林所有者 の 特定 困難 や 境界 の 不明 、 担い手 の 不足 といった 課題 を 解決 し ながら 森林整備 等 を 進める ため 、 市町村 の 役割 を 明確 に し	つつ	、 施策 の 具体化 を 進める こと と し て 、 「 この よう な 施策 を 講じる こと により 市町村 が 主体 と なっ て 実施 する 森林整備 等 に 必要 な 財源 に 充てる ため 、 個人住民税均等割 の 枠組み の 活用 を 含め 都市 ・ 地方 を通じて 国民 に 等しく 負担 を 求める こと を 基本 と する 森林環境税 （ 仮称 ） の 創設 に向けて 、 地方公共団体 の 意見 も 踏まえ ながら 、 具体的 な 仕組み 等 について 総合的 に 検討 し 、 平成 30 年度 税制改正 において 結論 を 得る 」 こと が 盛り込ま れ た 。	市町村の役割を明確にし	、施策の具体化を進める	synchronous	0	0	0	0	0	0	0
121	5_whitepaper_H28_shinrinringyo3	本章 で は 、 「 2015 年 農林業センサス 」 等 の データ を 分析 し	つつ	、 林業生産 、 林業経営 及び 林業労働力 の 動向 等 について 記述 する とともに 、 きのこ類 をはじめとする 特用林産物 や 山村 の 動向 について 記述 する 。	「2015年農林業センサス」等のデータを分析し	、林業生産、林業経営及び林業労働力の動向等について記述するとともに、きのこ類をはじめとする特用林産物や山村の動向について記述する。	synchronous	0	0	0	0	0	0	0
122	225_whitepaper_H28_shinrinringyo3	現在 、 各都道府県 で は 、 林野庁 が 示し た 作設指針 を 基本 と し	つつ	、 地域 の 特性 を 踏まえ た 独自 の 路網作設指針 を 策定 し て 、 路網 の 整備 を 進め て いる 。	林野庁が示した作設指針を基本とし	、地域の特性を踏まえた独自の路網作設指針を策定して	synchronous	0	0	0	0	0	0	0
123	98_whitepaper_R1_gaiko_1	同時 に 、 東シナ海 における 中国 による 力 を 背景 と し た 一方的 な 現状変更 の 試み は 断じて 認め られ ず 、 引き続き 、 関係国 と の 連携 を 強化 し	つつ	冷静 かつ 毅然 きぜん と 対応 する とともに 、 東シナ海 を 「 平和 ・ 協力 ・ 友好 の 海 」 と す べく 、 意思疎通 を 強化 し て いく 。	関係国との連携を強化し	冷静かつ毅然きぜんと対応する	synchronous	0	0	0	0	0	0	0
124	109_whitepaper_R1_gaiko_1	同首脳会談 の 結果 を 踏まえ	つつ	、 朝鮮半島 の 非核化 に向けて 、 引き続き 、 国際社会 が 一体 と なっ て 米朝プロセス を 後押し し て いく こと が 重要 で ある 。	同首脳会談の結果を踏まえ	、朝鮮半島の非核化に向けて、引き続き、国際社会が一体となって米朝プロセスを後押ししていく	synchronous	0	0	0	0	0	0	0
125	112_whitepaper_R1_gaiko_1	日本 として は 、 その 解決 を 最重要課題 と 位置付け 、 米国 を始めとする 関係国 と 緊密 に 連携 し	つつ	、 全力 を 尽くし て いく 。	米国を始めとする関係国と緊密に連携し	、全力を尽くしていく。	synchronous	0	0	0	0	0	0	0
126	117_whitepaper_R1_gaiko_1	欧州 と は 、 EU や 北大西洋条約機構 （ NATO ） といった 機関 も 活用 し	つつ	、 関係 を 重層的 に 強化 し て いる 。	EUや北大西洋条約機構（NATO）といった機関も活用し	、関係を重層的に強化している。	synchronous	0	0	0	0	0	0	0
127	194_whitepaper_R1_gaiko_1	加藤厚生労働大臣 は 、 2018 年 9 月 に 開催 さ れ た 国連総会結核ハイレベル会合 に 参加 し 、 日本 が 、 長年 にわたり 結核 に対する 国際的 な 技術協力 を 行い 、 また 国際機関 に対して 資金支援 し て き た 実績 を 紹介 し	つつ	、 今後 も 同分野 において 貢献 し て いく 意思 を 表明 し た 。	日本が、長年にわたり結核に対する国際的な技術協力を行い、また国際機関に対して資金支援してきた実績を紹介し	、今後も同分野において貢献していく意思を表明した。	synchronous	0	0	0	0	0	0	0
128	201_whitepaper_R1_gaiko_1	岸外務大臣科学技術顧問 は 、 自ら が 座長 を 務める 科学技術外交推進会議 を通じ 国内 の 知見 を 集め	つつ	、 外務大臣 及び 関係部局 へ の 助言 や 海外 で の 発信 ・ ネットワーク拡充 を 進め て いる 。	自らが座長を務める科学技術外交推進会議を通じ国内の知見を集め	、外務大臣及び関係部局への助言や海外での発信・ネットワーク拡充を進めている。	synchronous	0	0	0	0	0	0	0
129	221_whitepaper_R1_gaiko_1	2018 年 も 、 これら 国内外 へ の 発信 を 外務省ホームページ や ソーシャルメディア を 含め 様々 な 方法 を 活用 し	つつ	実施 し た ほか 、 日仏友好 160 周年 の 機会 を とらえ 、 芸術文化 、 食 、 地方 の 魅力 等 日本文化 を フランス で 大規模 に 紹介 する 「 ジャポニズム2018：響きあう魂 」 を 実施 し た 。	外務省ホームページやソーシャルメディアを含め様々な方法を活用し	実施した	synchronous	0	0	0	0	0	0	0
130	225_whitepaper_R1_gaiko_1	更なる 合理化 の ため の 努力 を 行い	つつ	、 体制 の 整備 を 戦略的 に 進め 、 外交実施体制 を 一層 拡充 し て いく （ コラム 「 外務省の業務合理化・業務改善 」 290 ページ 参照 ） 。	更なる合理化のための努力を行い	、体制の整備を戦略的に進め	synchronous	0	0	0	0	0	0	0
131	74_whitepaper_R1_gaiko_2	同首脳会談 の 結果 を 踏まえ	つつ	、 朝鮮半島 の 非核化 に向けて 、 引き続き 、 国際社会 が 一体 と なっ て 米朝プロセス を 後押し し て いく こと が 重要 で ある 。	同首脳会談の結果を踏まえ	、朝鮮半島の非核化に向けて、引き続き、国際社会が一体となって米朝プロセスを後押ししていく	synchronous	0	0	0	0	0	0	0
132	76_whitepaper_R1_gaiko_2	拉致問題 について は 、 北朝鮮 に対して 2014 年 5 月 の 日朝政府間協議 における 合意 （ ストックホルム合意 ） の 履行 を 求め	つつ	、 引き続き 、 米国 を始めとする 関係国 と 緊密 に 連携 し 、 一 日 も 早い 全て の 拉致被害者 の 帰国 を 実現 す べく 、 全力 を 尽くし て いく 。	北朝鮮に対して2014年5月の日朝政府間協議における合意（ストックホルム合意）の履行を求め	、引き続き、米国を始めとする関係国と緊密に連携し	synchronous	0	0	0	0	0	0	0
133	128_whitepaper_R1_gaiko_2	日本 は 、 今後 とも 、 米国 を始めとする 関係国 と 緊密 に 連携 、 協力 し	つつ	、 拉致問題 の 早期解決 に向けて 全力 を 尽くし て いく 。	米国を始めとする関係国と緊密に連携、協力し	、拉致問題の早期解決に向けて全力を尽くしていく。	synchronous	0	0	0	0	0	0	0
134	184_whitepaper_R1_gaiko_2	日本政府 として は 、 こうした 脱北者 の 保護 や 支援 について 、 北朝鮮人権侵害対処法 の 趣旨 を 踏まえ 、 人道上 の 配慮 、 関係者 の 安全 、 脱北者 の 滞在国 と の 関係 等 を 総合的 に 勘案 し	つつ	対応 し て いる 。	人道上の配慮、関係者の安全、脱北者の滞在国との関係等を総合的に勘案し	対応している。	synchronous	0	0	0	0	0	0	0
135	228_whitepaper_R1_gaiko_2	3 月 26 日 、 文在寅大統領 は 、 大統領 の 任期 を 「 5年単任制 」 から 「 4年連任制 」 と し	つつ	、 大統領 の 権限縮小 を 主 たる 内容 と する 憲法改正 を 発議 し た 。	大統領の任期を「5年単任制」から「4年連任制」とし	、大統領の権限縮小を主たる内容とする	synchronous	0	0	0	0	0	0	0
136	278_whitepaper_R1_gaiko_2	安定的 に 党 ・ 政権 を 運営 する ため に は 、 一定 の 経済成長 を 確保 し	つつ	国内外 の 各種 課題 に 対応 する 必要 が あり 、 今後 の 経済財政政策 の 動向 が 注目 さ れる 。	一定の経済成長を確保し	国内外の各種課題に対応する	synchronous	0	0	0	0	0	0	0
137	294_whitepaper_R1_gaiko_2	日本 として は 、 日中安保対話 等 の 対話 や 交流 の 枠組み を通じて 、 日中間 の 相互信頼関係 を 増進 さ せ ながら 、 関係国 と 連携 し	つつ	、 透明性 の 向上 について 働きかける とともに 、 法 の 支配 に 基づく 国際秩序 に 中国 が 積極的 に 関与 し て いく よう 促し て いく 考え で ある 。	関係国と連携し	、透明性の向上について働きかけるとともに、法の支配に基づく国際秩序に中国が積極的に関与していくよう促していく	synchronous	0	0	0	0	0	0	0
138	448_whitepaper_R1_gaiko_2	また 、 10 月 の 首脳会談 で も 、 安倍総理大臣 より 、 カンボジア の 民主化 を 求め	つつ	、 若手政治関係者 の 招へい など ガバナンス支援 を 拡充 する 考え を 伝え た 。	カンボジアの民主化を求め	、若手政治関係者の招へいなどガバナンス支援を拡充する	synchronous	0	0	0	0	0	0	0
139	466_whitepaper_R1_gaiko_2	21 世紀 最初 の 独立国家 と なっ た 東ティモール は 、 国際社会 の 支援 を 得	つつ	平和 と 安定 を 実現 し 、 民主主義 に 基づく 国造り を 実践 し て き た 。	国際社会の支援を得	平和と安定を実現し	synchronous	0	0	0	0	0	0	0
140	475_whitepaper_R1_gaiko_2	2017 年 5 月 の マラウィ危機 後 に ミンダナオ地域 に 発出 さ れ た 戒厳令 は 継続 さ れ て いる が 、 日本 を 含む 国際社会 の 支援 も 受け	つつ	、 マラウィ復興 に向けた 努力 が 進め られ て いる 。	日本を含む国際社会の支援も受け	、マラウィ復興に向けた努力が進められている。	synchronous	0	0	0	0	0	0	0
141	491_whitepaper_R1_gaiko_2	2018 年 4 月 に ブルネイ柔道連盟 が 発足 し 、 日本 から の 協力 も 得	つつ	、 柔道 が 着実 に 普及 し つつ ある 。	2018年4月にブルネイ柔道連盟が発足し、日本からの協力も得	、柔道が着実に普及しつつある。	synchronous	0	0	0	0	0	0	0
142	759_whitepaper_R1_gaiko_2	この よう な 認識 の 下 、 日本 は 、 2013 年 に 東京 で 開催 さ れ た 日・ASEAN特別首脳会議 で 採択 さ れ た 「 日・ASEAN友好協力 に関する ビジョン・ステートメント 」 及び 「 共同声明 」 を 着実 に 実行 し	つつ	、 ASEAN共同体設立以降 も 「 ASEAN共同体ビジョン2025 」 に基づき ASEAN の 更なる 統合努力 を 全面的 に 支援 し て いく こと を 表明 し て いる 。	2013年に東京で開催された日・ASEAN特別首脳会議で採択された「日・ASEAN友好協力に関するビジョン・ステートメント」及び「共同声明」を着実に実行し	、ASEAN共同体設立以降も「ASEAN共同体ビジョン2025」に基づきASEANの更なる統合努力を全面的に支援していく	synchronous	0	0	0	0	0	0	0
143	765_whitepaper_R1_gaiko_2	南シナ海問題 に関して は 、 南シナ海 は 交易 を通じて 平和 と 繁栄 を 享受 し て き た ASEAN ・ 日本 双方 の 生命線 で あり 、 ここ で の 航行 の 自由 は 双方 にとって 重要 で ある と し た 上 で 、 ASEAN が この 確保 の ため に 掲げ て き た 諸原則 の 完全 な 支持 、 行動計画（COC）交渉 を始めとする 取組 へ の 敬意 、 この よう な 諸原則 が 反映 さ れる こと へ の 期待 を 表明 する とともに 、 南シナ海 における 一方的 な 現状変更 の 試み に 深刻 な 懸念 を 共有 し	つつ	、 ASEAN による 取組 が 現場 の 「 非軍事化 」 、 そして 平和 で 開か れ た 南シナ海 の 維持 に つながる よう 後押し し て いく と 発言 し た 。	南シナ海における一方的な現状変更の試みに深刻な懸念を共有し	、ASEANによる取組が現場の「非軍事化」、そして平和で開かれた南シナ海の維持につながるよう後押ししていく	synchronous	0	0	0	0	0	0	0
144	767_whitepaper_R1_gaiko_2	11 月 の 日・ASEAN首脳会議 で は 、 安倍総理大臣 から 、 2013 年 に 約束 し た 「 5 年 で 2兆 円 の 対ASEAN支援 」 を 上回る 支援 を 実施 し た こと に 言及 し	つつ	、 今後 も ASEAN の 一体性 と 中心性 を 尊重 し ながら 、 民間投資 を 後押し し 、 国際スタンダード に のっとっ た 質 の 高い インフラ を 推進 する と 発言 し た 。	2013年に約束した「5年で2兆円の対ASEAN支援」を上回る支援を実施したことに言及し	、今後もASEANの一体性と中心性を尊重しながら、民間投資を後押しし、国際スタンダードにのっとった質の高いインフラを推進すると発言した。	synchronous	0	0	0	0	0	0	0
145	806_whitepaper_R1_gaiko_2	2018 年 8 月 に 開催 さ れ た 第18 回 ASEAN+3外相会議 （ シンガポール ） で は 、 河野外務大臣 から 、 過去 21 年間 の ASEAN+3 の 実務的協力 の 進展 を 評価 し	つつ	、 日本 の 取組 を 中心 に ASEAN+3協力 の レビュー と 将来 の 方向性 について 説明 し た 。	過去21年間のASEAN+3の実務的協力の進展を評価し	、日本の取組を中心にASEAN+3協力のレビューと将来の方向性について説明した。	synchronous	0	0	0	0	0	0	0
146	808_whitepaper_R1_gaiko_2	11 月 に 開催 さ れ た 第20 回 ASEAN+3首脳会議 （ シンガポール ） で は 、 安倍総理大臣 から 、 10 月 の 中国 の 公式訪問 の 際 に 、 日中 両国 が 国際社会 の 平和 と 安定 に 建設的 な 役割 と 果たす こと で 一致 し た こと に 触れ	つつ	、 時宜 を 得 た ASEAN+3首脳会議 の 開催 を 歓迎 し た 。	10月の中国の公式訪問の際に、日中両国が国際社会の平和と安定に建設的な役割と果たすことで一致したことに触れ	、時宜を得たASEAN+3首脳会議の開催を歓迎した。	synchronous	0	0	0	0	0	0	0
147	836_whitepaper_R1_gaiko_2	安倍総理大臣 は 、 2018 年 10 月 の 中国 へ の 公式訪問 の 際 に 日中 両国 が 国際社会 の 平和 と 繁栄 に 建設的 な 役割 を 果たし て いく こと で 一致 でき た こと に 言及 し	つつ	、 EAS において も 同様 の 精神 で 議論 し たい と し た 上 で 、 インド太平洋地域 の 平和 と 繁栄 の 礎 で ある 「 自由 で 開か れ た インド太平洋 」 を 実現 し て いく との 決意 を 表明 し 、 その 中 に は ASEAN の 中心性 や 開放性 といった 、 EAS参加国 が 共有 する 原則 が 内包 さ れ て いる と 述べ た 。	日中両国が国際社会の平和と繁栄に建設的な役割を果たしていくことで一致できたことに言及し	、EASにおいても同様の精神で議論したいとした上で、インド太平洋地域の平和と繁栄の礎である「自由で開かれたインド太平洋」を実現していくとの決意を表明し、その中にはASEANの中心性や開放性といった、EAS参加国が共有する原則が内包されていると述べた。	synchronous	0	0	0	0	0	0	0
148	837_whitepaper_R1_gaiko_2	日本 による 具体的協力 として 、 「 質 の 高い インフラ 」 を 推進 し て き た 事例 を 紹介 し	つつ	、 開放性 、 透明性 、 経済性 、 被援助国 の 財政健全性 の 確保 といった 国際スタンダード の 必要性 を 強調 し た 。	日本による具体的協力として、「質の高いインフラ」を推進してきた事例を紹介し	、開放性、透明性、経済性、被援助国の財政健全性の確保といった国際スタンダードの必要性を強調した。	synchronous	0	0	0	0	0	0	0
149	851_whitepaper_R1_gaiko_2	首脳会議 で は 、 安倍総理大臣 から 、 上述 の 「 東京戦略2018 」 に基づいて 日・メコン協力 を 力強く 推進 し て いく 決意 を 表明 し た ほか 、 メコン地域 の 発展 に 日本企業 が 重要 な 役割 を 果たし て いる こと を 強調 し	つつ	、 こうした 実績 を 踏まえ 、 ODA を始めとした 公的資金 を 活用 し 、 これ まで 以上 の 民間投資 の 実現 を 後押し し て いく との 方針 を 示し まし た 。	メコン地域の発展に日本企業が重要な役割を果たしていることを強調し	、こうした実績を踏まえ、ODAを始めとした公的資金を活用し、これまで以上の民間投資の実現を後押ししていくとの方針を示しました。	synchronous	0	0	0	0	0	0	0
150	6_whitepaper_R1_gaiko_3	この 演説 で 、 トランプ大統領 は 、 税制改革 を始めとする 政権 1 年目 の 実績 を 強調 し	つつ	、 インフラ の 再建 、 移民制度改革 、 米軍 の 強化 等 により 、 安全 で 、 強く 、 誇り高い 米国 を 築く との 決意 を 示し た 。	税制改革を始めとする政権1年目の実績を強調し	、インフラの再建、移民制度改革、米軍の強化等により、安全で、強く、誇り高い米国を築くとの決意を示した。	synchronous	0	0	0	0	0	0	0
151	49_whitepaper_R1_gaiko_3	3 月 9日 の 日米首脳電話会談 で は 、 トランプ大統領 から 、 韓国 から 北朝鮮 の 金正恩国務委員長 が 非核化 を 確約 し た こと や 金正恩国務委員長 自身 が トランプ大統領 自身 と の 対話 を 望ん で いる 等 の 報告 が あっ た と 説明 が あり 、 また 、 状況 を 注視 し	つつ	、 自分 として も 金正恩国務委員長 と 会う 用意 が ある との 説明 が あっ た 。	状況を注視し	、自分としても金正恩国務委員長と会う用意がある	synchronous	0	0	0	0	0	0	0
152	58_whitepaper_R1_gaiko_3	両外相 は 、 4 月 27 日 に 開催 さ れ た 南北首脳会談 を 核 など の 諸懸案 の 包括的 な 解決 に向けた 前向き な 動き として 歓迎 し	つつ	、 米朝首脳会談 へ の 対応 を 含む 北朝鮮問題 に係る 今後 の 方針 について 綿密 な 調整 を 行っ た 。	4月27日に開催された南北首脳会談を核などの諸懸案の包括的な解決に向けた前向きな動きとして歓迎し	、米朝首脳会談への対応を含む北朝鮮問題に係る今後の方針について綿密な調整を行った。	synchronous	0	0	0	0	0	0	0
153	80_whitepaper_R1_gaiko_3	両首脳 は 、 北朝鮮問題 に関し 最新 の 情勢 を 踏まえ	つつ	方針 を 改めて 綿密 に 調整 し 、 関連安保理決議 の 完全 な 履行 を 確保 する との 共通 の 目標 を 確認 し 、 引き続き 、 日米 、 日米韓 三 か国 で 緊密 に 連携 し て いく こと を 再確認 し た 。	北朝鮮問題に関し最新の情勢を踏まえ	方針を改めて綿密に調整し	synchronous	0	0	0	0	0	0	0
154	117_whitepaper_R1_gaiko_3	今後 も 現地 の 交通事情 等 を 総合的 に 踏まえ	つつ	、 本取組 の 拡大 を 進め て いく 。	現地の交通事情等を総合的に踏まえ	、本取組の拡大を進めていく。	synchronous	0	0	0	0	0	0	0
155	181_whitepaper_R1_gaiko_3	また 、 12 月 に は 次官級「2＋2」対話 を 開催 し 、 日・カナダ間 で 外交 ・ 安保面 で の 協力 が 進展 し て いる こと を 歓迎 し	つつ	、 具体的 な 協力 を これ まで 以上 に 強化 し て いく こと を 確認 し た 。	日・カナダ間で外交・安保面での協力が進展していることを歓迎し	、具体的な協力をこれまで以上に強化していくことを確認した。	synchronous	0	0	0	0	0	0	0
156	71_whitepaper_R1_gaiko_4	3 月 に 4 年ぶり に 政権 に 就い た ピニェラ大統領 は 、 経済成長 を 促す 経済政策 を 重視 し	つつ	、 教育 ・ 年金制度 の 改善 等 に 取り組ん で いる 。	経済成長を促す経済政策を重視し	、教育・年金制度の改善等に取り組んでいる。	synchronous	0	0	0	0	0	0	0
157	102_whitepaper_R1_gaiko_4	日本 として は 、 こうした 情勢 に 懸念 を 表明 し 、 ベネズエラ における 民主主義 の 回復 を 求め	つつ	、 ベネズエラ における 民生支援 や 、 周辺国 における 避難民支援 を 実施 し て いる 。	こうした情勢に懸念を表明し、ベネズエラにおける民主主義の回復を求め	、ベネズエラにおける民生支援や、周辺国における避難民支援を実施している。	synchronous	0	0	0	0	0	0	0
158	45_whitepaper_R1_gaiko_5	2017 年 6 月 に 開始 さ れ た 英国 の EU離脱交渉 について は 、 英国・EU間 の 唯一 の 陸上国境 で ある 英国領 北アイルランド と アイルランド と の 間 の 国境 へ の 物理的障壁 の 設置 を 回避 し	つつ	、 両者間 の 将来関係 の 枠組み について 合意 する こと が 課題 と なっ て い た 。	英国・EU間の唯一の陸上国境である英国領北アイルランドとアイルランドとの間の国境への物理的障壁の設置を回避し	、両者間の将来関係の枠組みについて合意する	synchronous	0	0	0	0	0	0	0
159	277_whitepaper_R1_gaiko_5	日本 から は 堀井学外務大臣政務官 が 出席 し 、 これ まで の ウクライナ の 改革 の 成果 を 評価 し	つつ	、 継続的 な 改革 の 必要性 を 訴える とともに 、 日本 として 同国 の 改革努力 を 引き続き 後押し し て いく との スピーチ を 行っ た 。	これまでのウクライナの改革の成果を評価し	、継続的な改革の必要性を訴える	synchronous	0	0	0	0	0	0	0
160	16_whitepaper_R1_gaiko_6	中東 において は 、 イラン ・ トルコ 等 と 協力 し	つつ	シリア情勢 に 影響力 を 発揮 し た 。	イラン・トルコ等と協力し	シリア情勢に影響力を発揮した。	synchronous	0	0	0	0	0	0	0
161	17_whitepaper_R1_gaiko_6	また 、 独立国家共同体 （ CIS ） と の 伝統的 な 協力関係 や BRICS （ ブラジル 、 ロシア 、 インド 、 中国 及び 南アフリカ ） 等 の 多国間枠組み を 活用 し	つつ	、 世界 の 多極化 の 中 で 存在感 の 向上 を 試み て いる 。	独立国家共同体（CIS）との伝統的な協力関係やBRICS（ブラジル、ロシア、インド、中国及び南アフリカ）等の多国間枠組みを活用し	、世界の多極化の中で存在感の向上を試みている。	synchronous	0	0	0	0	0	0	0
162	25_whitepaper_R1_gaiko_6	政府 として は 、 首脳間 及び 外相間 で 緊密 な 対話 を 重ね	つつ	、 領土問題 を 解決 し て 平和条約 を 締結 す べく 、 ロシア と の 交渉 に 精力的 に 取り組ん で いる 。	首脳間及び外相間で緊密な対話を重ね	、領土問題を解決して	synchronous	0	0	0	0	0	0	0
163	15_whitepaper_R1_gaiko_7	日本 は 、 今後 も 国連 が 主導 する シリア政治プロセス を 支持 し	つつ	、 支援 を 必要 と する 全て の シリア人 に対する 人道支援 を 継続 し て いく 。	国連が主導するシリア政治プロセスを支持し	、支援を必要とする全てのシリア人に対する人道支援を継続していく。	synchronous	0	0	0	0	0	0	0
164	81_whitepaper_R1_gaiko_7	5 月 2日 、 安倍総理大臣 は 3 年ぶり に イスラエル を 訪問 し て ネタニヤフ首相 と 会談 し 、 近年 の 経済関係 の 発展 を 歓迎 し	つつ	、 政治 ・ 安全保障面 も 含め て 協力 を 進め て いく こと を 確認 し た 。	近年の経済関係の発展を歓迎し	、政治・安全保障面も含めて協力を進めていくことを確認した。	synchronous	0	0	0	0	0	0	0
165	14_whitepaper_R1_gaiko_9	今後 とも 、 日本 は 、 平和国家 として の 歩み を 引き続き 堅持 し 、 また 、 国際政治経済 の 主要プレーヤー として 、 国際協調主義 に 基づく 「 積極的平和主義 」 の 立場 から 、 日本 の 安全 及び 地域 の 平和 と 安定 を 実現 し	つつ	、 国際社会 の 平和 と 安定 及び 繁栄 の 確保 に これ まで 以上 に 積極的 に 貢献 し て いく 。	日本の安全及び地域の平和と安定を実現し	、国際社会の平和と安定及び繁栄の確保にこれまで以上に積極的に貢献していく。	synchronous	0	0	0	0	0	0	0
166	26_whitepaper_R1_gaiko_9	同時 に 、 在外公館 の 人脈 や 知見 を いかし	つつ	、 領土保全 に関する 日本 の 主張 を 積極的 に 国際社会 に 発信 し て いる 。	在外公館の人脈や知見をいかし	、領土保全に関する日本の主張を積極的に国際社会に発信している。	synchronous	0	0	0	0	0	0	0
167	41_whitepaper_R1_gaiko_9	日本 は 、 2006 年 以降 実施 し て いる 能力向上型迎撃ミサイル （ SM-3ブロックIIA ） の 日米共同開発 及び 共同生産 の 着実 な 実施 を始め 、 米国 と の 協力 を 継続的 に 行い	つつ	、 2017 年 に は 陸上配備型イージス・システム （ イージス・アショア ） の 導入 を 決定 する など 、 BMDシステム の 着実 な 整備 に 努め て おり 、 いかなる 事態 において も 北朝鮮 による 弾道ミサイル の 脅威 から 国民 の 生命 ・ 財産 を 守る べく 、 万全 の 態勢 を とっ て いる 。	2006年以降実施している能力向上型迎撃ミサイル（SM-3ブロックIIA）の日米共同開発及び共同生産の着実な実施を始め、米国との協力を継続的に行い	、2017年には陸上配備型イージス・システム（イージス・アショア）の導入を決定するなど、BMDシステムの着実な整備に努めており	synchronous	0	0	0	0	0	0	0
168	72_whitepaper_R1_gaiko_9	政府 として は 、 早期 の 辺野古 へ の 移設 と 普天間飛行場 の 返還 を 含む 在日米軍再編 を 着実 に 進め 、 在日米軍 の 抑止力 を 維持 し	つつ	、 沖縄 を始めとする 地元 の 負担軽減 に 引き続き 全力 で 取り組ん で いく 。	在日米軍の抑止力を維持し	、沖縄を始めとする地元の負担軽減に引き続き全力で取り組んでいく。	synchronous	0	0	0	0	0	0	0
169	98_whitepaper_R1_gaiko_9	フランス と は 、 7 月 に ACSA に 署名 し 、 10 月 の 日仏首脳会談 において 、 防衛協力 の 基盤 と なる ACSA の 署名 を 歓迎 し	つつ	、 「 自由 で 開か れ た インド太平洋 」 の 実現 に向け 、 日仏間 の 具体的協力 を 更に 積み重ね て いく こと で 一致 し た 。	防衛協力の基盤となるACSAの署名を歓迎し	、「自由で開かれたインド太平洋」の実現に向け、日仏間の具体的協力を更に積み重ねていくことで一致した。	synchronous	0	0	0	0	0	0	0
170	234_whitepaper_R1_gaiko_9	この よう に 東シナ海 における 中国 の 一方的 な 現状変更 の 試み が 継続 し て いる こと を 踏まえ 、 日本 として は 日本 の 周辺海空域 における 動向 を 十分 注視 し ながら 、 主張 す べき は 主張 し	つつ	、 引き続き 、 毅然 かつ 冷静 に 対応 し て いく と同時に 、 東シナ海 の 平和 と 安定 の ため 、 米国 を始めとする 関係国 と の 連携 を 進め て いく 。	主張すべきは主張し	、引き続き、毅然かつ冷静に対応していくと同時に、東シナ海の平和と安定のため、米国を始めとする関係国との連携を進めていく。	synchronous	0	0	0	0	0	0	0
171	316_whitepaper_R1_gaiko_9	日本 は 、 核兵器 の ない 世界 の 実現 の ため 、 後述 する 「 核軍縮の実質的な進展のための賢人会議 」 の 開催 や 国連総会 へ の 核兵器廃絶決議 の 提出 、 軍縮・不拡散イニシアティブ （ NPDI ） の 枠組み や 個別 の 協議 等 を通じ 、 核兵器国 と 非核兵器国 の 間 の 橋渡し に 努め	つつ	、 核兵器不拡散条約 （ NPT ） や 包括的核実験禁止条約 （ CTBT ） 、 核兵器用核分裂性物質生産禁止条約 （ FMCT ） といった 核兵器国 も 参加 する 現実的 かつ 実践的 な 取組 を 積み重ね て いく 考え で ある 。	後述する「核軍縮の実質的な進展のための賢人会議」の開催や国連総会への核兵器廃絶決議の提出、軍縮・不拡散イニシアティブ（NPDI）の枠組みや個別の協議等を通じ、核兵器国と非核兵器国の間の橋渡しに努め	、核兵器不拡散条約（NPT）や包括的核実験禁止条約（CTBT）、核兵器用核分裂性物質生産禁止条約（FMCT）といった核兵器国も参加する現実的かつ実践的な取組を積み重ねていく	synchronous	0	0	0	0	0	0	0
172	381_whitepaper_R1_gaiko_9	同首脳会談 の 結果 を 踏まえ	つつ	、 朝鮮半島 の 非核化 に向けて 、 引き続き 、 国際社会 が 一体 と なっ て 米朝プロセス を 後押し し て いく こと が 重要 で ある 。	同首脳会談の結果を踏まえ	、朝鮮半島の非核化に向けて、引き続き、国際社会が一体となって米朝プロセスを後押ししていく	synchronous	0	0	0	0	0	0	0
173	420_whitepaper_R1_gaiko_9	相手国 の 事情 や 意向 を 踏まえ	つつ	、 日本 が 世界最高水準 の 安全性 を 有する 原子力関連資機材・技術 を 提供 し て いく こと も 可能 で ある 。	相手国の事情や意向を踏まえ	、日本が世界最高水準の安全性を有する原子力関連資機材・技術を提供していく	synchronous	0	0	0	0	0	0	0
174	438_whitepaper_R1_gaiko_9	また 、 日本 は 、 CWC に基づき 、 中国 に 遺棄 さ れ た 旧日本軍 の 化学兵器 について 、 中国 と 協力 し	つつ	一 日 も 早い 廃棄 の 完了 を 目指し て いる 。	中国と協力し	一日も早い廃棄の完了を目指している。	synchronous	0	0	0	0	0	0	0
175	469_whitepaper_R1_gaiko_9	また 、 安倍総理大臣 は 、 「 アフリカの若者の雇用への投資に関するハイレベル会合 」 に 出席 し 、 1993 年 の TICAD立上げ 以来 、 日本 は アフリカ諸国 の オーナーシップ （ 自助努力 ） と 国際社会 の パートナーシップ （ 連携 ） を 原則 と し 、 アフリカ の 自立的 な 発展 を 支援 し て き た こと に 触れ	つつ	、 アフリカ の 若者 の 雇用 と の 関係 で 、 ABEイニシアティブ 、 職業訓練支援 、 日アフリカ官民経済フォーラム 27 等 の 人材育成 と 民間投資 の 促進 に関する 日本 の 取組 を 紹介 し た 。	1993年のTICAD立上げ以来、日本はアフリカ諸国のオーナーシップ（自助努力）と国際社会のパートナーシップ（連携）を原則とし、アフリカの自立的な発展を支援してきたことに触れ	、アフリカの若者の雇用との関係で、ABEイニシアティブ、職業訓練支援、日アフリカ官民経済フォーラム27等の人材育成と民間投資の促進に関する日本の取組を紹介した。	synchronous	0	0	0	0	0	0	0
176	520_whitepaper_R1_gaiko_9	日本 は 同改革 の 目的 を 支持 し	つつ	、 各国 の 厳しい 財政事情 を 踏まえ 、 加盟国 へ の 追加的 な 財政負担 を 求める こと なく 改革 が 進め られる よう 働きかけ を 行っ て いる 。	同改革の目的を支持し	、各国の厳しい財政事情を踏まえ、加盟国への追加的な財政負担を求めることなく改革が進められるよう働きかけを行っている。	synchronous	0	0	0	0	0	0	0
177	535_whitepaper_R1_gaiko_9	日本 は 、 国際法 の 誠実 な 遵守 に 努め	つつ	、 国際司法機関 を通じた 紛争 の 平和的解決 を 促進 す べく 、 国連 の 主要 な 司法機関 で ある ICJ の 強制管轄権 を 受諾 し て いる ほか 、 多く の 国際裁判所 に対する 人材面 ・ 財政面 の 協力 を 含め 、 国際社会 における 法 の 支配 の 確立 に向けた 建設的 な 協力 を 行っ て いる 。	国際法の誠実な遵守に努め	、国際司法機関を通じた紛争の平和的解決を促進すべく、国連の主要な司法機関であるICJの強制管轄権を受諾しているほか、多くの国際裁判所に対する人材面・財政面の協力を含め、国際社会における法の支配の確立に向けた建設的な協力を行っている。	synchronous	0	0	0	0	0	0	0
178	621_whitepaper_R1_gaiko_9	これ まで と 同様 、 女性NGO代表 を 第73 回 国連総会第3委員会 の 政府代表顧問 として 派遣 する など 、 市民社会 と も 連携 し	つつ	、 人権保護・促進 に向けた 国際社会 の 議論 に 積極的 に 参加 し た 。	市民社会とも連携し	、人権保護・促進に向けた国際社会の議論に積極的に参加した。	synchronous	0	0	0	0	0	0	0
179	630_whitepaper_R1_gaiko_9	日本 は 、 引き続き 国際社会 と 連携 し	つつ	、 国内外 で 子ども に対する 暴力 を 無くす ため の 取組 を 推進 し て いく 。	国際社会と連携し	、国内外で子どもに対する暴力を無くすための取組を推進していく。	synchronous	0	0	0	0	0	0	0
180	8_whitepaper_R1_gaiko_10	この 新た な 時代 に 、 日本 が 平和国家 として の 歩み を 堅持 し	つつ	、 開発協力 を 国際協調主義 に 基づく 「 積極的平和主義 」 の 一環 と 位置付け 、 ODA を 戦略的 に 活用 し て 開発課題 や 人権問題 に 対処 し て いく こと は 、 日本 の 国益 の 確保 にとって 不可欠 と なっ て いる 。	平和国家としての歩みを堅持し	、開発協力を国際協調主義に基づく「積極的平和主義」の一環と位置付け、ODAを戦略的に活用して開発課題や人権問題に対処していく	synchronous	0	0	0	0	0	0	0
181	21_whitepaper_R1_gaiko_10	開発協力大綱 に 基づく とともに 「 自由 で 開か れ た インド太平洋 」 等 の 外交政策 や 持続可能な開発目標 （ SDGs ） 及び 日本 として の その 実施指針 等 の 方針 も 踏まえ	つつ	、 戦略的 かつ 効果的 な 開発協力 を 推進 する ため 、 外務省 は 以下 （ ア ） から （ ウ ） まで を 2018 年度 の 重点 と 位置付け 、 様々 な 主体 と の 連携 の 強化 を 図り つつ 取り組ん で いる 。	「自由で開かれたインド太平洋」等の外交政策や持続可能な開発目標（SDGs）及び日本としてのその実施指針等の方針も踏まえ	、戦略的かつ効果的な開発協力を推進する	synchronous	0	0	0	0	0	0	0
182	21_whitepaper_R1_gaiko_10	開発協力大綱 に 基づく とともに 「 自由 で 開か れ た インド太平洋 」 等 の 外交政策 や 持続可能な開発目標 （ SDGs ） 及び 日本 として の その 実施指針 等 の 方針 も 踏まえ つつ 、 戦略的 かつ 効果的 な 開発協力 を 推進 する ため 、 外務省 は 以下 （ ア ） から （ ウ ） まで を 2018 年度 の 重点 と 位置付け 、 様々 な 主体 と の 連携 の 強化 を 図り	つつ	取り組ん で いる 。	以下（ア）から（ウ）までを2018年度の重点と位置付け、様々な主体との連携の強化を図り	取り組んでいる。	synchronous	0	0	0	0	0	0	0
183	25_whitepaper_R1_gaiko_10	人道支援 と 開発協力 の 連携 を 強化 し	つつ	、 平和構築 、 難民 等 の 支援 、 テロ・暴力的過激主義対策 等 の 協力 を通じ 、 国際社会 の 平和 と 安定 の 実現 に 積極的 に 貢献 する 。	人道支援と開発協力の連携を強化し	、平和構築、難民等の支援、テロ・暴力的過激主義対策等の協力を通じ、国際社会の平和と安定の実現に積極的に貢献する。	synchronous	0	0	0	0	0	0	0
184	62_whitepaper_R1_gaiko_10	2018 年 10 月 に 東京 で 開催 さ れ た 第10 回 日・メコン首脳会議 において 、 3 年 前 の 日・メコン首脳会議 で 採択 さ れ た 「 新東京戦略2015 」 及び 「 日・メコン連結性イニシアティブ 」 の 成果 を 総括 し	つつ	、 今後 の 日・メコン協力 の 指針 「 東京戦略2018 」 に沿って 、 メコン地域 へ の 協力 を 更に 進め て いく と 発表 し た 。	3年前の日・メコン首脳会議で採択された「新東京戦略2015」及び「日・メコン連結性イニシアティブ」の成果を総括し	、今後の日・メコン協力の指針「東京戦略2018」に沿って、メコン地域への協力を更に進めていくと発表した。	synchronous	0	0	0	0	0	0	0
185	76_whitepaper_R1_gaiko_10	日本 は 、 中央アジア ・ コーカサス地域 の 「 開か れ 、 安定 し 、 自立 し た 」 発展 を 支え 、 地域 ・ 国際 の 平和 と 安定 に 寄与 する 日本外交 を 掲げ 、 アフガニスタン や パキスタン など 近接地域 を 含む 広域的 な 視点 も 踏まえ	つつ	、 この 地域 の 長期的 な 安定 と 持続的発展 の ため 、 人権 、 民主主義 、 市場経済 、 法 の 支配 といった 基本的価値 が 根付く よう 国造り を 支援 し て いる 。	アフガニスタンやパキスタンなど近接地域を含む広域的な視点も踏まえ	、この地域の長期的な安定と持続的発展のため、人権、民主主義、市場経済、法の支配といった基本的価値が根付くよう国造りを支援している。	synchronous	0	0	0	0	0	0	0
186	100_whitepaper_R1_gaiko_10	また 、 日本 は 、 復興 に 取り組む アフガニスタン に対して 、 自立的 な 経済成長 や 貧困削減 の ため の 支援 を 実施 し て おり 、 11 月 に 開催 さ れ た 「 アフガニスタンに関するジュネーブ閣僚級会合 」 に は 、 佐藤外務副大臣 が 出席 し 、 2018 年 も 農業・灌漑支援 や 保健支援 を 実施 し た こと を 紹介 し	つつ	、 干ばつ被害 に 対処 する ため 、 新た に 1,300万 米ドル の 緊急無償資金協力 を 決定 し た と 発表 し た 。	2018年も農業・灌漑支援や保健支援を実施したことを紹介し	、干ばつ被害に対処するため、新たに1,300万米ドルの緊急無償資金協力を決定したと発表した。	synchronous	0	0	0	0	0	0	0
187	112_whitepaper_R1_gaiko_10	共同議長 を 務め た 河野外務大臣 は 、 債務持続可能性 等 の 国際スタンダード に 基づく 援助 の 重要性 を 確認 し	つつ	、 アジア と アフリカ を つなぐ 「 自由 で 開か れ た インド太平洋 」 の 実現 の ため に も 、 「質の高いインフラ」整備 等 を通じた 連結性強化 や 、 アフリカ連合 （ AU ） の 「 アジェンダ2063 」 に 示さ れ た アフリカ の 経済構造転換 を 支援 し て いく と 述べ た 。	債務持続可能性等の国際スタンダードに基づく援助の重要性を確認し	、アジアとアフリカをつなぐ「自由で開かれたインド太平洋」の実現のためにも、「質の高いインフラ」整備等を通じた連結性強化や、アフリカ連合（AU）の「アジェンダ2063」に示されたアフリカの経済構造転換を支援していく	synchronous	0	0	0	0	0	0	0
188	189_whitepaper_R1_gaiko_10	同会合 に 参加 し た 加藤厚生労働大臣 は 、 日本 が 、 長年 にわたり 結核 に対する 国際的 な 技術協力 を 行い 、 また 国際機関 に対して 資金支援 し て き た 実績 を 紹介 し	つつ	、 今後 も 同分野 において 貢献 し て いく 意思 を 表明 し た 。	日本が、長年にわたり結核に対する国際的な技術協力を行い、また国際機関に対して資金支援してきた実績を紹介し	、今後も同分野において貢献していく意思を表明した。	synchronous	0	0	0	0	0	0	0
189	272_whitepaper_R1_gaiko_10	ロシア の ヤマルLNGプロジェクト に 示さ れる よう に 、 北極 の 環境 に 十分 配慮 し	つつ	、 ロシア と共に 北極圏 で の 包括的 な エネルギー開発協力 を 進め て いる 。	北極の環境に十分配慮し	、ロシアと共に北極圏での包括的なエネルギー開発協力を進めている。	synchronous	0	0	0	0	0	0	0
190	410_whitepaper_R1_gaiko_10	また 、 河野外務大臣 は 、 国際社会 にとって 「 望ましい 北極 」 を 提起 し 、 その 要素 として 、 ① 環境変化 の メカニズム が 解明 さ れ 、 その 対応策 を 国際社会 が 共有 する こと 、 ② 先住民 の 生活 や 生態系 に 配慮 し 、 持続可能 な 経済利用 が 探求 さ れる こと 、 ③ 法 の 支配 に基づき 、 平和 で 秩序 ある 形 で 国際協力 が なさ れる こと を 挙げ	つつ	、 こうした 「 望ましい 北極 」 を 実現 する ため に 、 日本 は すべて の ステークホルダー と 協力 を 推進 する との メッセージ を 発信 し まし た 。	国際社会にとって「望ましい北極」を提起し、その要素として、①環境変化のメカニズムが解明され、その対応策を国際社会が共有すること、②先住民の生活や生態系に配慮し、持続可能な経済利用が探求されること、③法の支配に基づき、平和で秩序ある形で国際協力がなされることを挙げ	、こうした「望ましい北極」を実現するために、日本はすべてのステークホルダーと協力を推進するとのメッセージを発信しました。	synchronous	0	0	0	0	0	0	0
191	202_whitepaper_R1_gaiko_11	ブエノスアイレス首脳宣言 の 採択 に当たり 、 日本 は 、 リトリート 及び 世界経済 の セッション で リードスピーカー として 首脳間 の 議論 を 牽引 する とともに 、 全て の セッション で 発言 を 行い 、 各国 と の 首脳会談 及び これ まで の 準備会合 へ の 対応 を通じ 、 次期議長国 として 、 議論 の 動向 を 見極め	つつ	、 G20内 の 異なる 立場 や 意見 の 調整 に 積極的 に 関与 し 、 G20 が 首脳宣言 を通じて 結束 し た 力強い メッセージ を 出す こと に 大きく 貢献 し た 。	各国との首脳会談及びこれまでの準備会合への対応を通じ、次期議長国として、議論の動向を見極め	、G20内の異なる立場や意見の調整に積極的に関与し	synchronous	0	0	0	0	0	0	0
192	257_whitepaper_R1_gaiko_11	外務省 として も 、 関係省庁・機関 、 日本企業 、 地方自治体 等 と 連携 し	つつ	、 世界 各国 の 在外公館 や 独自 の 人脈 等 を 活用 し 、 日本産品 の 魅力 を 積極的 に 発信 し て いる 。	関係省庁・機関、日本企業、地方自治体等と連携し	、世界各国の在外公館や独自の人脈等を活用し、日本産品の魅力を積極的に発信している。	synchronous	0	0	0	0	0	0	0
193	260_whitepaper_R1_gaiko_11	外務省 は 、 関係省庁 と 連携 し ながら 、 各国・地域 の 政府 等 に 正確 な 情報 を 迅速 に 提供 する とともに 、 WTO の 枠組み も 活用 し	つつ	、 科学的根拠 に基づき 輸入規制 を 可及的 速やか に 撤廃 する よう 精力的 に 働きかけ を 行っ て いる 。	WTOの枠組みも活用し	、科学的根拠に基づき輸入規制を可及的速やかに撤廃する	synchronous	0	0	0	0	0	0	0
194	327_whitepaper_R1_gaiko_11	さらに 、 食料需要 が 伸びる 中 、 一時的 な 食料増産 で は なく 、 環境負荷 を 低減 し	つつ	食料増産 を 図る 持続可能性 の 確保 が 求め られる 。	環境負荷を低減し	食料増産を図る	synchronous	0	0	0	0	0	0	0
195	342_whitepaper_R1_gaiko_11	また 、 底魚類 について は 、 日本 の 提案 に 基づく 議論 の 結果 、 天皇海山海域 における クサカリツボダイ について 、 当面 は 漁獲量 を 近年 の 半分 の 水準 に 抑制 し	つつ	、 モニタリング により 資源状況 が 良好 と 判明 し た 時点 で 漁獲 の 増加 を 認める など の 資源管理措置 の 導入 で 一致 し た 。	当面は漁獲量を近年の半分の水準に抑制し	、モニタリングにより資源状況が良好と判明した時点で漁獲の増加を認める	synchronous	0	0	0	0	0	0	0
196	356_whitepaper_R1_gaiko_11	2016 年 4 月 に 126 の 在外公館 に 設置 し た 「 対日直接投資推進担当窓口 」 で は 、 日本貿易振興機構 （ JETRO ） と も 連携 し	つつ	、 日本 の 規制 ・ 制度 の 改善要望調査 、 在外公館 が 有する 人脈 を 活用 し た 対日投資 の 呼びかけ 、 対日直接投資イベント の 開催 等 を 行い 、 昨年度 （ 平成 29 年度 ） の 各公館 の 活動実績 は 650 件 を 超え た 。	日本貿易振興機構（JETRO）とも連携し	、日本の規制・制度の改善要望調査、在外公館が有する人脈を活用した対日投資の呼びかけ、対日直接投資イベントの開催等を行い	synchronous	0	0	0	0	0	0	0
197	358_whitepaper_R1_gaiko_11	2017 年 9 月 の 安倍総理大臣 訪米 の 際 に は 、 米国CEO懇談会 や ニューヨーク証券取引所 で の 経済スピーチ を通じて 、 安倍総理大臣 から アベノミクス による 改革 の 成果 や 今後 の 方向性 を 紹介 し	つつ	、 日本 へ の 更なる 投資 を 呼びかけ た 。	アベノミクスによる改革の成果や今後の方向性を紹介し	、日本への更なる投資を呼びかけた。	synchronous	0	0	0	0	0	0	0
198	380_whitepaper_R1_gaiko_11	さらに 、 デジタル経済 へ の 制度面 の 対応 や 、 高齢化社会 へ の 対応 について も 議論 し 、 あらゆる 主体 が 活躍 できる 社会 の 実現 の ため に 、 日本 が 推進 する Society5.0時代 の 生産性革命 等 の 取組 を 紹介 し	つつ	、 議論 を 推進 し ます 。	日本が推進するSociety5.0時代の生産性革命等の取組を紹介し	、議論を推進します。	synchronous	0	0	0	0	0	0	0
199	4_whitepaper_R1_gaiko_12	外務省 で は 、 対外発信 の 最前線 で ある 在外公館 の 体制強化 を 図り	つつ	、 ① 日本 の 正しい 姿 を 含む 政策 や 取組 の 発信 に 一層 力 を 入れる とともに 、 ② 日本 の 多様 な 魅力 の 発信 及び ③ 親日派 ・ 知日派 の 育成 を 推進 する という 3 本 の 柱 に基づいて 戦略的 に 対外発信 を 実施 し て いる 。	対外発信の最前線である在外公館の体制強化を図り	、①日本の正しい姿を含む政策や取組の発信に一層力を入れるとともに、②日本の多様な魅力の発信及び③親日派・知日派の育成を推進するという3本の柱に基づいて戦略的に対外発信を実施している。	synchronous	0	0	0	0	0	0	0
200	127_whitepaper_R1_gaiko_12	具体的 に は 、 共通 の 国際的課題 を テーマ と し た セミナー ・ シンポジウム 、 海外 の 主要大学 において 現代日本 に対する 理解 を 深める ため の 講義 等 を 行う プログラム に 助成 し て いる ほか 、 NPO や 他 の 交流団体 と も 協力 し	つつ	、 様々 な 分野 ・ レベル で の 対話 を通じて 関係 を 強化 し 相互理解 を 深める 交流事業 など を 企画 ・ 支援 し て いる 。	NPOや他の交流団体とも協力し	、様々な分野・レベルでの対話を通じて関係を強化し相互理解を深める交流事業などを企画・支援している。	synchronous	0	0	0	0	0	0	0
201	195_whitepaper_R1_gaiko_12	2019 年 は 米国 と 東南アジア で も 大規模 な 文化事業 の 実施 が 予定 さ れ て おり 、 2020 年 東京オリンピック・パラリンピック競技大会 に向けて 、 海外 から 大会機運 を 醸成 し	つつ	、 文化外交 を 推進 し て いき ます 。	海外から大会機運を醸成し	、文化外交を推進していきます。	synchronous	0	0	0	0	0	0	0
202	260_whitepaper_R1_gaiko_12	この コラム で は 、 在ロシア日本国大使館 が 、 日本人サポーター の 安全対策 の 一環 として 実施 し た 取組 を 紹介 し	つつ	、 スポーツイベント と 外務省 の 関わり を 紹介 し ます 。	在ロシア日本国大使館が、日本人サポーターの安全対策の一環として実施した取組を紹介し	、スポーツイベントと外務省の関わりを紹介します。	synchronous	0	0	0	0	0	0	0
203	13_whitepaper_R1_gaiko_13	外務省 として は 、 「 世界一 安全 な 日本 」 を 維持 し	つつ	訪日外国人 を 増やす とともに 、 富裕層 、 リピーター 及び 若年層 の 誘致 等 、 質 量 両面 で 観光立国 に 貢献 し て いく こと を 目指し 、 二国間関係 、 外交上 の 意義 など を 総合的 に 勘案 し 、 今後 も ビザ の 緩和 に 積極的 に 取り組ん で いく こと と し て いる 。	「世界一安全な日本」を維持し	訪日外国人を増やす	synchronous	0	0	0	0	0	0	0
204	19_whitepaper_R1_gaiko_13	外務省 は 、 外国人 の 人権面 に も 配慮 し	つつ	、 こうした 一連 の 施策 を 、 関係省庁 と 協力 し て 推進 し て いる 。	外国人の人権面にも配慮し	、こうした一連の施策を、関係省庁と協力して推進している。	synchronous	0	0	0	0	0	0	0
205	32_whitepaper_R1_gaiko_13	日本政府 は 2025 年 まで に 国連関係機関 で 勤務 する 日本人職員数 を 1,000 人 と する 目標 を 掲げ て おり 、 外務省 は 、 その 達成 に向けて 、 大学 や 関係府省庁 等 と 連携 し	つつ	、 世界 を 舞台 に 活躍 ・ 貢献 できる 人材 の 発掘 ・ 育成 ・ 支援 を 積極的 に 実施 し て いる 。	大学や関係府省庁等と連携し	、世界を舞台に活躍・貢献できる人材の発掘・育成・支援を積極的に実施している。	synchronous	0	0	0	0	0	0	0
206	139_whitepaper_R1_gaiko_13	もたらし たい 結果 を 見失わ ずに 、 何 を 優先 する か を 判断 し	つつ	、 戦略的 に 物事 を 進める こと が 求め られ ます 。	もたらしたい結果を見失わずに、何を優先するかを判断し	、戦略的に物事を進める	synchronous	0	0	0	0	0	0	0
207	36_whitepaper_R1_gaiko_15	さらに 、 外務省 は 、 「 行政機関の保有する情報の公開に関する法律 （ 情報公開法 ） 」 に基づいて 、 日本 の 安全 や 他国 と の 信頼関係 、 対外交渉上 の 利益 、 個人情報 の 保護 など に 配慮 し	つつ	、 情報公開 し て いる 。	日本の安全や他国との信頼関係、対外交渉上の利益、個人情報の保護などに配慮し	、情報公開している。	synchronous	0	0	0	0	0	0	0
208	67_whitepaper_R1_gaiko_15	今後 も 、 引き続き 、 更なる 合理化 へ の 努力 を 行い	つつ	体制 の 整備 を 戦略的 に 進め 、 外交実施体制 を 一層 拡充 し て いく 。	更なる合理化への努力を行い	体制の整備を戦略的に進め	synchronous	0	0	0	0	0	0	0
209	39_whitepaper_R2_bousai_1	政府 は 、 令和 元 年 8 月 28 日 、 令和 元 年 8 月 の 前線 に伴う 大雨 に関する 官邸対策室 を 設置 し 、 発災直後 から 安倍内閣総理大臣 による 指示 の 下 、 関係閣僚会議 を 開催 し た ほか 、 自治体 の 災害応急対策 を 支援 する 等 、 被災自治体 と 連携 し	つつ	災害応急対策 に 取り組ん だ 。	被災自治体と連携し	災害応急対策に取り組んだ。	synchronous	0	0	0	0	0	0	0
210	183_whitepaper_R2_bousai_1	本対策パッケージ は 、 被災地 の ニーズ や 地域 ごと の 特性 を 踏まえ	つつ	、 （ 1 ） 生活 の 再建 、 （ 2 ） 生業 の 再建 、 （ 3 ） 災害応急復旧 、 （ 4 ） 災害救助 等 の 4 つ の 観点 から 施策 を 取りまとめ 、 被災者 の 安心感 を 確保 する とともに 、 被災自治体 が 安心 し て 復旧 ・ 復興 に 取り組める よう 、 切れ目 なく 、 財政措置 等 を 講じ て いく こと と し た もの で ある 。	被災地のニーズや地域ごとの特性を踏まえ	、（1）生活の再建、（2）生業の再建、（3）災害応急復旧、（4）災害救助等の4つの観点から施策を取りまとめ、被災者の安心感を確保する	synchronous	0	0	0	0	0	0	0
211	26_whitepaper_R2_bousai_3	この よう に し て 総合的 に 防災・減災能力 を 向上 し	つつ	、 持続可能 で 強靱 な 社会 を つくる こと が 必要 で ある 。	総合的に防災・減災能力を向上し	、持続可能で強靱な社会をつくる	synchronous	0	0	0	0	0	0	0
212	48_whitepaper_R2_bousai_4	これ を 受け 、 中央防災会議会長 で ある 安倍内閣総理大臣 の リーダーシップ により 、 国民 の 防災 に関する 意識向上 に関し 広く 各界 各層 と の 情報 及び 意見 の 交換 その 他 の 必要 な 連携 を 図り 、 中央防災会議 と 協力 し	つつ	国民 の 防災 に関する 意識向上 を 図る ため 、 防災 に 取り組む 39 団体 の 長 を 議員 と する 「 防災推進国民会議 」 が 2015 年 9 月 に 設立 さ れ た 。	中央防災会議と協力し	国民の防災に関する意識向上を図る	synchronous	0	0	0	0	0	0	0
213	118_whitepaper_R2_bousai_4	地区防災計画 が 本来 、 住民主体 の ボトムアップ の 取組 で ある こと を 確保 し	つつ	、 住民 等 による 地区防災計画 の 策定 に向けた 取組 を 活性化 する ため に は 、 行政 の 働きかけ が 重要 で ある 。	地区防災計画が本来、住民主体のボトムアップの取組であることを確保し	、住民等による地区防災計画の策定に向けた取組を活性化する	synchronous	0	0	0	0	0	0	0
214	93_whitepaper_R2_bousai_5	その ため 、 これ まで の 取組 に加え 、 同年 4 月 1日 、 7日 に は 、 ・ 可能 な 限り 多く の 避難所 の 開設 ・ ホテル や 旅館 の 活用 等 の 検討 ・ 親戚 や 友人 の 家 等 へ の 避難 の 検討 ・ 避難所内 の 換気 や 十分 な スペース の 確保 ・ 保健所 ・ 医療機関 等 と 連携 し た 発熱者 ・ 感染者 へ の 対応 など 、 災害発生時 における 留意事項 等 について 、 関係省庁連名 （ 内閣府 、 消防庁 、 厚生労働省 ） で 都道府県等あて 通知 し 、 更に 同月 28 日 に は 、 避難所 として の ホテル や 旅館 の 活用 等 の 検討 を 推進 する ため 、 厚生労働省 及び 観光庁 から 宿泊団体 に対し 、 受入可能 な ホテル ・ 旅館 等 の リスト を 予め 作成 し て おく よう 依頼 する とともに 、 内閣府 や 消防庁 を 加え た 関係省庁 が 連名 で 都道府県 等 に対して 、 宿泊団体 等 と 必要 な 場合 に は 連携 し	つつ	、 避難所 の 確保 を 円滑 に 進める よう 通知 し た 。	宿泊団体等と必要な場合には連携し	、避難所の確保を円滑に進める	synchronous	0	0	0	0	0	0	0
215	95_whitepaper_R2_bousai_5	政府 として は 、 引き続き 、 新型コロナウイルス感染症 の 感染状況 等 も 踏まえ	つつ	、 自治体 へ の 適切 な 助言 や 支援 に 努め 、 必要 な 対策 に 取り組ん で いく 。	新型コロナウイルス感染症の感染状況等も踏まえ	、自治体への適切な助言や支援に努め、必要な対策に取り組んでいく。	synchronous	0	0	0	0	0	0	0
216	122_whitepaper_R2_bousai_5	この よう な 状況 に 鑑み 、 関係自治体 の 要望 等 も 踏まえ	つつ	、 この 問題 の 終局的 な 解決策 が 検討 さ れ 、 与野党調整 の 結果 、 以下 の 7 点 を 柱 と し て 議員立法 により 災害弔慰金法 が 改正 さ れ た （ 令和 元 年 6 月 7日 公布 、 8 月 1日 施行 ） 。	関係自治体の要望等も踏まえ	、この問題の終局的な解決策が検討され	synchronous	0	0	0	0	0	0	0
217	180_whitepaper_R2_bousai_5	締めくくり に 平内閣府副大臣 は 、 「 民間企業 と 連携 し	つつ	、 最先端 の 科学技術 を 活用 し 世界 の 防災 に 効果的 に 役立て て いき たい 」 と 述べ た 。	民間企業と連携し	、最先端の科学技術を活用し世界の防災に効果的に役立てていきたい」	synchronous	0	0	0	0	0	0	0
218	78_whitepaper_R2_bousai_6	各分科会 において は 、 関係府省 が 連携 ・ 協力 し	つつ	、 地方公共団体 の 意見 を 聴き ながら 、 専門的 かつ 実務的 な 検討 を 行い 、 その とりまとめ結果 を 平成 29 年 7 月 に 開催 し た 原子力関係閣僚会議 等 に 報告 し た （ 図表 3-2-2 ） 。	連携・協力し	、地方公共団体の意見を聴きながら	synchronous	0	0	0	0	0	0	0
219	190_whitepaper_R2_bousai_6	施設敷地緊急事態 及び 全面緊急事態 を 受け て 、 民間輸送機関 等 の 支援 を 受け	つつ	、 予防的防護措置 を 準備 する 区域内 の 住民 の 県内 へ の 避難 を 行っ た 。	民間輸送機関等の支援を受け	、予防的防護措置を準備する区域内の住民の県内への避難を行った。	synchronous	0	0	0	0	0	0	0
220	447_whitepaper_shohi1_2018	一般的 に ガソリン の 店頭価格 は 、 原油コスト を 踏まえ	つつ	需給状況 や 地域 における 競争環境 等 も 反映 し た 形 で 市場 の 中 で 決定 さ れ て いく ため 、 ガソリン店頭価格 の 推移 は 、 原油価格 の 動向 に 影響 を 受け て い ます 。	原油コストを踏まえ	需給状況や地域における競争環境等も反映した	synchronous	0	0	0	0	0	0	0
221	573_whitepaper_shohi2_2018	現在 で は 、 情報通信技術 の 発達 により 、 地方公共団体 が 民間事業者 と 連携 し	つつ	、 スマートフォン の アプリケーション 等 を 活用 し て 、 月齢 ・ 年齢 等 の 子ども 一人 一人 の 成長 に 合わせ て 予防接種 に関する 情報 や 育児情報 を 提供 する 取組 も み られ ます 。	民間事業者と連携し	、スマートフォンのアプリケーション等を活用して、月齢・年齢等の子ども一人一人の成長に合わせて予防接種に関する情報や育児情報を提供する	synchronous	0	0	0	0	0	0	0
222	29_whitepaper_shohi3_2018	本戦略 で は 、 「 誰一人 取り残さ れ ない 」 社会 の 実現 に向け 、 政策課題 に 対応 し	つつ	地方消費者行政 の 強化 を 推進 する とともに 、 財産被害 へ の 対策 、 生命 身体 の 安全 ・ 安心 に係る 機能強化 、 多様 な 消費 へ の 対応 等 に 取り組む こと と し て い ます 。	政策課題に対応し	地方消費者行政の強化を推進する	synchronous	0	0	0	0	0	0	0
223	276_whitepaper_shohi3_2018	第３ 期 消費者基本計画 で は 、 消費者 一人 一人 が 、 個々 の 消費者 の 特性 や 消費生活 の 多様性 を 相互 に 尊重 し	つつ	、 自ら の 消費行動 が 将来 の 社会経済情勢 や 地球環境 に 影響 を 及ぼす こと を 自覚 し 、 公正 で 持続可能 な 社会 の 形成 に 積極的 に 参画 する 社会 を 目指す こと が 求め られ て い ます 。	個々の消費者の特性や消費生活の多様性を相互に尊重し	、自らの消費行動が将来の社会経済情勢や地球環境に影響を及ぼすことを自覚し	synchronous	0	0	0	0	0	0	0
224	405_whitepaper_shohi3_2018	これら の 取組 の 成果 等 を 踏まえ	つつ	、 公益通報者保護法 について 、 規律 の 在り方 や 行政 の 果たす べき 役割 等 に係る 方策 を 検討 する ため 、 2018 年 １ 月 に 、 内閣総理大臣 から 消費者委員会 に対し 諮問 が 行わ れ まし た 。	これらの取組の成果等を踏まえ	、公益通報者保護法について、規律の在り方や行政の果たすべき役割等に係る方策を検討する	synchronous	0	0	0	0	0	0	0
225	57_whitepaper_shohi4_2018	消費者庁 で は 、 関係機関 と 連携 し	つつ	、 特定商取引法 の 表示義務 に 違反 し て いる おそれ の ある 危険ドラッグ の 通信販売サイト に対し 、 適切 な 措置 を 講ずる とともに 、 関係機関 に対する 情報提供 を 行い 、 消費者保護 を 十分 に 確保 する よう 努め て い ます 。	関係機関と連携し	、特定商取引法の表示義務に違反しているおそれのある危険ドラッグの通信販売サイトに対し、適切な措置を講ずる	synchronous	0	0	0	0	0	0	0
226	115_whitepaper_shohi4_2018	また 、 国民生活センター で は 、 人 の 生命 ・ 身体 等 に 重大 な 影響 を 及ぼす 商品 や 品質 ・ 表示 等 に 問題 の ある 商品 について 、 消費者被害 の 救済 や 未然防止 ・ 拡大防止 の ため に 、 消費者 の 使用実態 を 考慮 し	つつ	科学的 に 信頼性 の 高い 商品テスト を 実施 し て い ます 。	消費者の使用実態を考慮し	科学的に信頼性の高い商品テストを実施しています。	synchronous	0	0	0	0	0	0	0
227	221_whitepaper_shohi4_2018	国内流通時 の 対策 として は 、 厚生労働省 本省 、 検疫所 等 と 連携 を 取り	つつ	、 都道府県 等 が 国内流通品 として の 輸入食品 に対する 監視指導 を 行っ て おり 、 違反食品 が 確認 さ れ た 際 に は 、 速やか に 厚生労働省 に 報告 を 行い 、 輸入時監視 の 強化 （ モニタリング検査 や 検査命令 等 ） を 図っ て い ます 。	厚生労働省本省、検疫所等と連携を取り	、都道府県等が国内流通品としての輸入食品に対する監視指導を行っており	synchronous	0	0	0	0	0	0	0
228	388_whitepaper_shohi4_2018	消費者庁 で は 、 消費生活センター 等 において 、 認知症 、 障害 など の 理由 で 判断能力 が 不十分 な 方々 に関する 消費生活相談 が あっ た 場合 、 状況 に応じて 福祉担当部局 等 と 連携 し	つつ	、 成年後見制度 の 活用 を 図る よう 、 2016 年度 及び 2017 年度 に 開催 さ れ た 、 消費者行政ブロック会議 （ 全 ６ ブロック ） において 、 改めて 都道府県 等 に 要請 し まし た 。	状況に応じて福祉担当部局等と連携し	、成年後見制度の活用を図る	synchronous	0	0	0	0	0	0	0
229	437_whitepaper_shohi4_2018	制度 の 運用 に当たって は 、 一部 の 事業者 の 詐欺的行為 による 消費者被害 が 発生 し て いる こと を 踏まえ 、 利用者保護 の 観点 から 、 引き続き 、 消費者庁 及び 警察庁 と 情報共有 し	つつ	、 無登録業者 等 に対する 警告書 の 発出 等 を 行い ます 。	消費者庁及び警察庁と情報共有し	、無登録業者等に対する警告書の発出等を行います。	synchronous	0	0	0	0	0	0	0
230	557_whitepaper_shohi4_2018	次回改訂 に向け 、 事業者 と の 意見交換 を 行い ながら 検討作業 を 実施 中 で あり 、 引き続き 事業者 の 意見 を 踏まえ	つつ	、 関係省庁 と も 連携 し ながら 、 2018 年 ６ 月 を めど に 改訂案 を 取りまとめる 予定 です （ 2018 年 ３ 月 末 時点 ） 。	引き続き事業者の意見を踏まえ	、関係省庁とも連携しながら、2018年６月をめどに改訂案を取りまとめる	synchronous	0	0	0	0	0	0	0
231	652_whitepaper_shohi4_2018	また 、 消費者庁 において 推進会議 の 意見 を 聴き ながら 、 関係府省庁 と 連携 し	つつ	、 高校生向け消費者教育教材 「 社会への扉 」 を 2017 年 ３ 月 まで に 作成 し 、 ４ 月 以降 に 配布 を 開始 し まし た 。	関係府省庁と連携し	、高校生向け消費者教育教材「社会への扉」を2017年３月までに作成し	synchronous	0	0	0	0	0	0	0
232	782_whitepaper_shohi4_2018	食育基本法 （ 平成 17 年 法律 第63 号 ） 及び 「 第３ 次 食育推進基本計画 」 （ 2016 年 ３ 月 食育推進会議 決定 ） に基づき 、 関係府省 等 が 連携 し	つつ	、 家庭 、 学校 、 地域 等 において 国民運動 として 食育 を 推進 し て い ます 。	連携し	、家庭、学校、地域等において国民運動として食育を推進しています。	synchronous	0	0	0	0	0	0	0
233	783_whitepaper_shohi4_2018	同計画 で は 、 国民 が 健全 な 食生活 を 実践 する ため に 必要 な 食品 の 安全性 や 栄養 等 に関する 様々 な 情報 について 、 国民 が 十分 に 理解 し 活用 できる よう 考慮 し	つつ	、 国民 にとって 分かり やすく 入手 し やすい 形 で 情報提供 する こと と し て い ます 。	国民が十分に理解し活用できるよう考慮し	、国民にとって分かりやすく入手しやすい形で情報提供する	synchronous	0	0	0	0	0	0	0
234	812_whitepaper_shohi4_2018	経済産業省 で は 、 2016 年度 、 学識経験者 、 有識者 、 事業者 、 消費者団体 、 マスコミ など 、 幅広い 関係者 を 構成員 と し 、 2030 年 頃 の 消費経済市場 を 見据え	つつ	、 消費者意識 の 変化 、 より 一層 の 消費者理解 や それ に伴う 企業経営 の 在り方 、 消費者起点 の イノベーション 等 について 検討 を 行う 「 消費インテリジェンス研究会 」 を 年度内 に ５ 回 開催 し 、 2017 年 ３ 月 に 報告書 を 取りまとめ まし た 。	2030年頃の消費経済市場を見据え	、消費者意識の変化、より一層の消費者理解やそれに伴う企業経営の在り方、消費者起点のイノベーション等について検討を行う	synchronous	0	0	0	0	0	0	0
235	1051_whitepaper_shohi4_2018	消費者委員会 は 独立 し た 第三者機関 として 、 消費者 の 声 を 踏まえ	つつ	自ら 調査審議 を 行い 、 消費者庁 を 含む 関係府省 の 消費者行政 全般 に対して 建議 等 を 実施 する とともに 、 内閣総理大臣 、 関係各大臣 等 の 諮問 に応じて 調査審議 を 行い ます 。	消費者の声を踏まえ	自ら調査審議を行い	synchronous	0	0	0	0	0	0	0
236	26_wikipedia_KYOTO_9;CLT_00002;26	正信 は この よう に 、 時 の 権力者 と の 結び付き を 深め	つつ	画壇 で の 地位 を 固め 、 後 の 狩野派隆盛 の 基礎 を 築い た 。	時の権力者との結び付きを深め	画壇での地位を固め、後の狩野派隆盛の基礎を築いた。	synchronous	0	0	0	0	0	0	0
237	33_wikipedia_KYOTO_9;CLT_00002;33	この うち 、 『 禅宗祖師図 』 は 典型的 な 水墨画 で ある が 、 『 四季花鳥図 』 は 水墨 を 基調 と し	つつ	、 草花 や 鳥 の 部分 に のみ 濃彩 を 用い て 新しい 感覚 を 示し て いる 。	水墨を基調とし	、草花や鳥の部分にのみ濃彩を用いて	synchronous	0	0	0	0	0	0	0
238	146_wikipedia_KYOTO_12;CLT_00005;218	ゆっくり と 慎重 に 音程 を 変更 する ところ から 、 具合 を 測り	つつ	物事 を 進める さま を 表す 。	具合を測り	物事を進める	synchronous	0	0	0	0	0	0	0
